medal_type,medal_code,medal_date,name,country_code,gender,discipline,event,event_type
Gold Medal,1,27-07-2024,Remco EVENEPOEL,BEL,M,Cycling Road,Men's Individual Time Trial,ATH
Silver Medal,2,27-07-2024,Filippo GANNA,ITA,M,Cycling Road,Men's Individual Time Trial,ATH
Bronze Medal,3,27-07-2024,Wout van AERT,BEL,M,Cycling Road,Men's Individual Time Trial,ATH
Gold Medal,1,27-07-2024,Grace BROWN,AUS,W,Cycling Road,Women's Individual Time Trial,ATH
Silver Medal,2,27-07-2024,Anna HENDERSON,GBR,W,Cycling Road,Women's Individual Time Trial,ATH
Bronze Medal,3,27-07-2024,Chloe DYGERT,USA,W,Cycling Road,Women's Individual Time Trial,ATH
Gold Medal,1,27-07-2024,China,CHN,W,Diving,Women's Synchronised 3m Springboard,TEAM
Silver Medal,2,27-07-2024,United States,USA,W,Diving,Women's Synchronised 3m Springboard,TEAM
Bronze Medal,3,27-07-2024,Great Britain,GBR,W,Diving,Women's Synchronised 3m Springboard,TEAM
Gold Medal,1,27-07-2024,OH Sanguk,KOR,M,Fencing,Men's Sabre Individual,HATH
Silver Medal,2,27-07-2024,Fares FERJANI,TUN,M,Fencing,Men's Sabre Individual,HATH
Bronze Medal,3,27-07-2024,Luigi SAMELE,ITA,M,Fencing,Men's Sabre Individual,HATH
Gold Medal,1,27-07-2024,KONG Man Wai Vivian,HKG,W,Fencing,Women's Épée Individual,HATH
Silver Medal,2,27-07-2024,Auriane MALLO-BRETON,FRA,W,Fencing,Women's Épée Individual,HATH
Bronze Medal,3,27-07-2024,Eszter MUHARI,HUN,W,Fencing,Women's Épée Individual,HATH
Gold Medal,1,27-07-2024,Yeldos SMETOV,KAZ,M,Judo,Men -60 kg,HATH
Silver Medal,2,27-07-2024,Luka MKHEIDZE,FRA,M,Judo,Men -60 kg,HATH
Bronze Medal,3,27-07-2024,NAGAYAMA Ryuju,JPN,M,Judo,Men -60 kg,HATH
Bronze Medal,3,27-07-2024,Francisco GARRIGOS,ESP,M,Judo,Men -60 kg,HATH
Gold Medal,1,27-07-2024,TSUNODA Natsumi,JPN,W,Judo,Women -48 kg,HATH
Silver Medal,2,27-07-2024,Baasankhuu BAVUUDORJ,MGL,W,Judo,Women -48 kg,HATH
Bronze Medal,3,27-07-2024,Shirine BOUKLI,FRA,W,Judo,Women -48 kg,HATH
Bronze Medal,3,27-07-2024,Tara BABULFATH,SWE,W,Judo,Women -48 kg,HATH
Gold Medal,1,27-07-2024,France,FRA,M,Rugby Sevens,Men,HTEAM
Silver Medal,2,27-07-2024,Fiji,FIJ,M,Rugby Sevens,Men,HTEAM
Bronze Medal,3,27-07-2024,South Africa,RSA,M,Rugby Sevens,Men,HTEAM
Gold Medal,1,27-07-2024,China 1,CHN,X,Shooting,10m Air Rifle Mixed Team,HTEAM
Silver Medal,2,27-07-2024,Korea 1,KOR,X,Shooting,10m Air Rifle Mixed Team,HTEAM
Bronze Medal,3,27-07-2024,Kazakhstan 1,KAZ,X,Shooting,10m Air Rifle Mixed Team,HTEAM
Gold Medal,1,27-07-2024,United States,USA,M,Swimming,Men's 4 x 100m Freestyle Relay,TEAM
Silver Medal,2,27-07-2024,Australia,AUS,M,Swimming,Men's 4 x 100m Freestyle Relay,TEAM
Bronze Medal,3,27-07-2024,Italy,ITA,M,Swimming,Men's 4 x 100m Freestyle Relay,TEAM
Gold Medal,1,27-07-2024,Lukas MAERTENS,GER,M,Swimming,Men's 400m Freestyle,ATH
Silver Medal,2,27-07-2024,Elijah WINNINGTON,AUS,M,Swimming,Men's 400m Freestyle,ATH
Bronze Medal,3,27-07-2024,KIM Woomin,KOR,M,Swimming,Men's 400m Freestyle,ATH
Gold Medal,1,27-07-2024,Australia,AUS,W,Swimming,Women's 4 x 100m Freestyle Relay,TEAM
Silver Medal,2,27-07-2024,United States,USA,W,Swimming,Women's 4 x 100m Freestyle Relay,TEAM
Bronze Medal,3,27-07-2024,China,CHN,W,Swimming,Women's 4 x 100m Freestyle Relay,TEAM
Gold Medal,1,27-07-2024,Ariarne TITMUS,AUS,W,Swimming,Women's 400m Freestyle,ATH
Silver Medal,2,27-07-2024,Summer McINTOSH,CAN,W,Swimming,Women's 400m Freestyle,ATH
Bronze Medal,3,27-07-2024,Katie LEDECKY,USA,W,Swimming,Women's 400m Freestyle,ATH
Gold Medal,1,28-07-2024,Korea,KOR,W,Archery,Women's Team,HTEAM
Silver Medal,2,28-07-2024,China,CHN,W,Archery,Women's Team,HTEAM
Bronze Medal,3,28-07-2024,Mexico,MEX,W,Archery,Women's Team,HTEAM
Gold Medal,1,28-07-2024,Jessica FOX,AUS,W,Canoe Slalom,Women's Kayak Single,ATH
Silver Medal,2,28-07-2024,Klaudia ZWOLINSKA,POL,W,Canoe Slalom,Women's Kayak Single,ATH
Bronze Medal,3,28-07-2024,Kimberley WOODS,GBR,W,Canoe Slalom,Women's Kayak Single,ATH
Gold Medal,1,28-07-2024,Pauline FERRAND PREVOT,FRA,W,Cycling Mountain Bike,Women's Cross-country,ATH
Silver Medal,2,28-07-2024,Haley BATTEN,USA,W,Cycling Mountain Bike,Women's Cross-country,ATH
Bronze Medal,3,28-07-2024,Jenny RISSVEDS,SWE,W,Cycling Mountain Bike,Women's Cross-country,ATH
Gold Medal,1,28-07-2024,KANO Koki,JPN,M,Fencing,Men's Épée Individual,HATH
Silver Medal,2,28-07-2024,Yannick BOREL,FRA,M,Fencing,Men's Épée Individual,HATH
Bronze Medal,3,28-07-2024,Mohamed ELSAYED,EGY,M,Fencing,Men's Épée Individual,HATH
Gold Medal,1,28-07-2024,Lee KIEFER,USA,W,Fencing,Women's Foil Individual,HATH
Silver Medal,2,28-07-2024,Lauren SCRUGGS,USA,W,Fencing,Women's Foil Individual,HATH
Bronze Medal,3,28-07-2024,Eleanor HARVEY,CAN,W,Fencing,Women's Foil Individual,HATH
Gold Medal,1,28-07-2024,ABE Hifumi,JPN,M,Judo,Men -66 kg,HATH
Silver Medal,2,28-07-2024,Willian LIMA,BRA,M,Judo,Men -66 kg,HATH
Bronze Medal,3,28-07-2024,Gusman KYRGYZBAYEV,KAZ,M,Judo,Men -66 kg,HATH
Bronze Medal,3,28-07-2024,Denis VIERU,MDA,M,Judo,Men -66 kg,HATH
Gold Medal,1,28-07-2024,Diyora KELDIYOROVA,UZB,W,Judo,Women -52 kg,HATH
Silver Medal,2,28-07-2024,Distria KRASNIQI,KOS,W,Judo,Women -52 kg,HATH
Bronze Medal,3,28-07-2024,Larissa PIMENTA,BRA,W,Judo,Women -52 kg,HATH
Bronze Medal,3,28-07-2024,Amandine BUCHARD,FRA,W,Judo,Women -52 kg,HATH
Gold Medal,1,28-07-2024,XIE Yu,CHN,M,Shooting,10m Air Pistol Men,ATH
Silver Medal,2,28-07-2024,Federico Nilo MALDINI,ITA,M,Shooting,10m Air Pistol Men,ATH
Bronze Medal,3,28-07-2024,Paolo MONNA,ITA,M,Shooting,10m Air Pistol Men,ATH
Gold Medal,1,28-07-2024,OH Ye Jin,KOR,W,Shooting,10m Air Pistol Women,ATH
Silver Medal,2,28-07-2024,KIM Yeji,KOR,W,Shooting,10m Air Pistol Women,ATH
Bronze Medal,3,28-07-2024,Manu BHAKER,IND,W,Shooting,10m Air Pistol Women,ATH
Gold Medal,1,28-07-2024,YOSHIZAWA Coco,JPN,W,Skateboarding,Women's Street,ATH
Silver Medal,2,28-07-2024,AKAMA Liz,JPN,W,Skateboarding,Women's Street,ATH
Bronze Medal,3,28-07-2024,Rayssa LEAL,BRA,W,Skateboarding,Women's Street,ATH
Gold Medal,1,28-07-2024,Nicolo MARTINENGHI,ITA,M,Swimming,Men's 100m Breaststroke,ATH
Silver Medal,2,28-07-2024,Adam PEATY,GBR,M,Swimming,Men's 100m Breaststroke,ATH
Silver Medal,2,28-07-2024,Nic FINK,USA,M,Swimming,Men's 100m Breaststroke,ATH
Gold Medal,1,28-07-2024,Leon MARCHAND,FRA,M,Swimming,Men's 400m Individual Medley,ATH
Silver Medal,2,28-07-2024,MATSUSHITA Tomoyuki,JPN,M,Swimming,Men's 400m Individual Medley,ATH
Bronze Medal,3,28-07-2024,Carson FOSTER,USA,M,Swimming,Men's 400m Individual Medley,ATH
Gold Medal,1,28-07-2024,Torri HUSKE,USA,W,Swimming,Women's 100m Butterfly,ATH
Silver Medal,2,28-07-2024,Gretchen WALSH,USA,W,Swimming,Women's 100m Butterfly,ATH
Bronze Medal,3,28-07-2024,ZHANG Yufei,CHN,W,Swimming,Women's 100m Butterfly,ATH
Gold Medal,1,29-07-2024,Korea,KOR,M,Archery,Men's Team,HTEAM
Silver Medal,2,29-07-2024,France,FRA,M,Archery,Men's Team,HTEAM
Bronze Medal,3,29-07-2024,Türkiye,TUR,M,Archery,Men's Team,HTEAM
Gold Medal,1,29-07-2024,Japan,JPN,M,Artistic Gymnastics,Men's Team,TEAM
Silver Medal,2,29-07-2024,China,CHN,M,Artistic Gymnastics,Men's Team,TEAM
Bronze Medal,3,29-07-2024,United States,USA,M,Artistic Gymnastics,Men's Team,TEAM
Gold Medal,1,29-07-2024,Nicolas GESTIN,FRA,M,Canoe Slalom,Men's Canoe Single,ATH
Silver Medal,2,29-07-2024,Adam BURGESS,GBR,M,Canoe Slalom,Men's Canoe Single,ATH
Bronze Medal,3,29-07-2024,Matej BENUS,SVK,M,Canoe Slalom,Men's Canoe Single,ATH
Gold Medal,1,29-07-2024,Thomas PIDCOCK,GBR,M,Cycling Mountain Bike,Men's Cross-country,ATH
Silver Medal,2,29-07-2024,Victor KORETZKY,FRA,M,Cycling Mountain Bike,Men's Cross-country,ATH
Bronze Medal,3,29-07-2024,Alan HATHERLY,RSA,M,Cycling Mountain Bike,Men's Cross-country,ATH
Gold Medal,1,29-07-2024,China,CHN,M,Diving,Men's Synchronised 10m Platform,TEAM
Silver Medal,2,29-07-2024,Great Britain,GBR,M,Diving,Men's Synchronised 10m Platform,TEAM
Bronze Medal,3,29-07-2024,Canada,CAN,M,Diving,Men's Synchronised 10m Platform,TEAM
Gold Medal,1,29-07-2024,Michael JUNG,GER,O,Equestrian,Eventing Individual,ATH
Silver Medal,2,29-07-2024,Christopher BURTON,AUS,O,Equestrian,Eventing Individual,ATH
Bronze Medal,3,29-07-2024,Laura COLLETT,GBR,O,Equestrian,Eventing Individual,ATH
Gold Medal,1,29-07-2024,Great Britain,GBR,O,Equestrian,Eventing Team,TEAM
Silver Medal,2,29-07-2024,France,FRA,O,Equestrian,Eventing Team,TEAM
Bronze Medal,3,29-07-2024,Japan,JPN,O,Equestrian,Eventing Team,TEAM
Gold Medal,1,29-07-2024,CHEUNG Ka Long,HKG,M,Fencing,Men's Foil Individual,HATH
Silver Medal,2,29-07-2024,Filippo MACCHI,ITA,M,Fencing,Men's Foil Individual,HATH
Bronze Medal,3,29-07-2024,Nick ITKIN,USA,M,Fencing,Men's Foil Individual,HATH
Gold Medal,1,29-07-2024,Manon APITHY-BRUNET,FRA,W,Fencing,Women's Sabre Individual,HATH
Silver Medal,2,29-07-2024,Sara BALZER,FRA,W,Fencing,Women's Sabre Individual,HATH
Bronze Medal,3,29-07-2024,Olga KHARLAN,UKR,W,Fencing,Women's Sabre Individual,HATH
Gold Medal,1,29-07-2024,Hidayat HEYDAROV,AZE,M,Judo,Men -73 kg,HATH
Silver Medal,2,29-07-2024,Joan-Benjamin GABA,FRA,M,Judo,Men -73 kg,HATH
Bronze Medal,3,29-07-2024,Adil OSMANOV,MDA,M,Judo,Men -73 kg,HATH
Bronze Medal,3,29-07-2024,HASHIMOTO Soichi,JPN,M,Judo,Men -73 kg,HATH
Gold Medal,1,29-07-2024,Christa DEGUCHI,CAN,W,Judo,Women -57 kg,HATH
Silver Medal,2,29-07-2024,HUH Mimi,KOR,W,Judo,Women -57 kg,HATH
Bronze Medal,3,29-07-2024,FUNAKUBO Haruka,JPN,W,Judo,Women -57 kg,HATH
Bronze Medal,3,29-07-2024,Sarah Leonie CYSIQUE,FRA,W,Judo,Women -57 kg,HATH
Gold Medal,1,29-07-2024,SHENG Lihao,CHN,M,Shooting,10m Air Rifle Men,ATH
Silver Medal,2,29-07-2024,Victor LINDGREN,SWE,M,Shooting,10m Air Rifle Men,ATH
Bronze Medal,3,29-07-2024,Miran MARICIC,CRO,M,Shooting,10m Air Rifle Men,ATH
Gold Medal,1,29-07-2024,BAN Hyojin,KOR,W,Shooting,10m Air Rifle Women,ATH
Silver Medal,2,29-07-2024,HUANG Yuting,CHN,W,Shooting,10m Air Rifle Women,ATH
Bronze Medal,3,29-07-2024,Audrey GOGNIAT,SUI,W,Shooting,10m Air Rifle Women,ATH
Gold Medal,1,29-07-2024,HORIGOME Yuto,JPN,M,Skateboarding,Men's Street,ATH
Silver Medal,2,29-07-2024,Jagger EATON,USA,M,Skateboarding,Men's Street,ATH
Bronze Medal,3,29-07-2024,Nyjah HUSTON,USA,M,Skateboarding,Men's Street,ATH
Gold Medal,1,29-07-2024,Thomas CECCON,ITA,M,Swimming,Men's 100m Backstroke,ATH
Silver Medal,2,29-07-2024,XU Jiayu,CHN,M,Swimming,Men's 100m Backstroke,ATH
Bronze Medal,3,29-07-2024,Ryan MURPHY,USA,M,Swimming,Men's 100m Backstroke,ATH
Gold Medal,1,29-07-2024,David POPOVICI,ROU,M,Swimming,Men's 200m Freestyle,ATH
Silver Medal,2,29-07-2024,Matthew RICHARDS,GBR,M,Swimming,Men's 200m Freestyle,ATH
Bronze Medal,3,29-07-2024,Luke HOBSON,USA,M,Swimming,Men's 200m Freestyle,ATH
Gold Medal,1,29-07-2024,Tatjana SMITH,RSA,W,Swimming,Women's 100m Breaststroke,ATH
Silver Medal,2,29-07-2024,TANG Qianting,CHN,W,Swimming,Women's 100m Breaststroke,ATH
Bronze Medal,3,29-07-2024,Mona Mc SHARRY,IRL,W,Swimming,Women's 100m Breaststroke,ATH
Gold Medal,1,29-07-2024,Mollie O'CALLAGHAN,AUS,W,Swimming,Women's 200m Freestyle,ATH
Silver Medal,2,29-07-2024,Ariarne TITMUS,AUS,W,Swimming,Women's 200m Freestyle,ATH
Bronze Medal,3,29-07-2024,HAUGHEY Siobhan Bernadette,HKG,W,Swimming,Women's 200m Freestyle,ATH
Gold Medal,1,29-07-2024,Summer McINTOSH,CAN,W,Swimming,Women's 400m Individual Medley,ATH
Silver Medal,2,29-07-2024,Katie GRIMES,USA,W,Swimming,Women's 400m Individual Medley,ATH
Bronze Medal,3,29-07-2024,Emma WEYANT,USA,W,Swimming,Women's 400m Individual Medley,ATH
Gold Medal,1,30-07-2024,United States,USA,W,Artistic Gymnastics,Women's Team,TEAM
Silver Medal,2,30-07-2024,Italy,ITA,W,Artistic Gymnastics,Women's Team,TEAM
Bronze Medal,3,30-07-2024,Brazil,BRA,W,Artistic Gymnastics,Women's Team,TEAM
Gold Medal,1,30-07-2024,Italy,ITA,W,Fencing,Women's Épée Team,HTEAM
Silver Medal,2,30-07-2024,France,FRA,W,Fencing,Women's Épée Team,HTEAM
Bronze Medal,3,30-07-2024,Poland,POL,W,Fencing,Women's Épée Team,HTEAM
Gold Medal,1,30-07-2024,NAGASE Takanori,JPN,M,Judo,Men -81 kg,HATH
Silver Medal,2,30-07-2024,Tato GRIGALASHVILI,GEO,M,Judo,Men -81 kg,HATH
Bronze Medal,3,30-07-2024,LEE Joonhwan,KOR,M,Judo,Men -81 kg,HATH
Bronze Medal,3,30-07-2024,Somon MAKHMADBEKOV,TJK,M,Judo,Men -81 kg,HATH
Gold Medal,1,30-07-2024,Andreja LESKI,SLO,W,Judo,Women -63 kg,HATH
Silver Medal,2,30-07-2024,Prisca AWITI ALCARAZ,MEX,W,Judo,Women -63 kg,HATH
Bronze Medal,3,30-07-2024,Clarisse AGBEGNENOU,FRA,W,Judo,Women -63 kg,HATH
Bronze Medal,3,30-07-2024,Laura FAZLIU,KOS,W,Judo,Women -63 kg,HATH
Gold Medal,1,30-07-2024,New Zealand,NZL,W,Rugby Sevens,Women,HTEAM
Silver Medal,2,30-07-2024,Canada,CAN,W,Rugby Sevens,Women,HTEAM
Bronze Medal,3,30-07-2024,United States,USA,W,Rugby Sevens,Women,HTEAM
Gold Medal,1,30-07-2024,Serbia,SRB,X,Shooting,10m Air Pistol Mixed Team,HTEAM
Silver Medal,2,30-07-2024,Türkiye 2,TUR,X,Shooting,10m Air Pistol Mixed Team,HTEAM
Bronze Medal,3,30-07-2024,India 1,IND,X,Shooting,10m Air Pistol Mixed Team,HTEAM
Gold Medal,1,30-07-2024,Nathan HALES,GBR,M,Shooting,Trap Men,ATH
Silver Medal,2,30-07-2024,QI Ying,CHN,M,Shooting,Trap Men,ATH
Bronze Medal,3,30-07-2024,Jean Pierre BROL CARDENAS,GUA,M,Shooting,Trap Men,ATH
Gold Medal,1,30-07-2024,Great Britain,GBR,M,Swimming,Men's 4 x 200m Freestyle Relay,TEAM
Silver Medal,2,30-07-2024,United States,USA,M,Swimming,Men's 4 x 200m Freestyle Relay,TEAM
Bronze Medal,3,30-07-2024,Australia,AUS,M,Swimming,Men's 4 x 200m Freestyle Relay,TEAM
Gold Medal,1,30-07-2024,Daniel WIFFEN,IRL,M,Swimming,Men's 800m Freestyle,ATH
Silver Medal,2,30-07-2024,Bobby FINKE,USA,M,Swimming,Men's 800m Freestyle,ATH
Bronze Medal,3,30-07-2024,Gregorio PALTRINIERI,ITA,M,Swimming,Men's 800m Freestyle,ATH
Gold Medal,1,30-07-2024,Kaylee McKEOWN,AUS,W,Swimming,Women's 100m Backstroke,ATH
Silver Medal,2,30-07-2024,Regan SMITH,USA,W,Swimming,Women's 100m Backstroke,ATH
Bronze Medal,3,30-07-2024,Katharine BERKOFF,USA,W,Swimming,Women's 100m Backstroke,ATH
Gold Medal,1,30-07-2024,WANG/SUN,CHN,X,Table Tennis,Mixed Doubles,HCOUP
Silver Medal,2,30-07-2024,RI/KIM,PRK,X,Table Tennis,Mixed Doubles,HCOUP
Bronze Medal,3,30-07-2024,LIM/SHIN,KOR,X,Table Tennis,Mixed Doubles,HCOUP
Gold Medal,1,31-07-2024,OKA Shinnosuke,JPN,M,Artistic Gymnastics,Men's All-Around,ATH
Silver Medal,2,31-07-2024,ZHANG Boheng,CHN,M,Artistic Gymnastics,Men's All-Around,ATH
Bronze Medal,3,31-07-2024,XIAO Ruoteng,CHN,M,Artistic Gymnastics,Men's All-Around,ATH
Gold Medal,1,31-07-2024,Jessica FOX,AUS,W,Canoe Slalom,Women's Canoe Single,ATH
Silver Medal,2,31-07-2024,Elena LILIK,GER,W,Canoe Slalom,Women's Canoe Single,ATH
Bronze Medal,3,31-07-2024,Evy LEIBFARTH,USA,W,Canoe Slalom,Women's Canoe Single,ATH
Gold Medal,1,31-07-2024,Jose TORRES GIL,ARG,M,Cycling BMX Freestyle,Men's Park,ATH
Silver Medal,2,31-07-2024,Kieran Darren David REILLY,GBR,M,Cycling BMX Freestyle,Men's Park,ATH
Bronze Medal,3,31-07-2024,Anthony JEANJEAN,FRA,M,Cycling BMX Freestyle,Men's Park,ATH
Gold Medal,1,31-07-2024,DENG Yawen,CHN,W,Cycling BMX Freestyle,Women's Park,ATH
Silver Medal,2,31-07-2024,Perris BENEGAS,USA,W,Cycling BMX Freestyle,Women's Park,ATH
Bronze Medal,3,31-07-2024,Natalya DIEHM,AUS,W,Cycling BMX Freestyle,Women's Park,ATH
Gold Medal,1,31-07-2024,China,CHN,W,Diving,Women's Synchronised 10m Platform,TEAM
Silver Medal,2,31-07-2024,DPR Korea,PRK,W,Diving,Women's Synchronised 10m Platform,TEAM
Bronze Medal,3,31-07-2024,Great Britain,GBR,W,Diving,Women's Synchronised 10m Platform,TEAM
Gold Medal,1,31-07-2024,Korea,KOR,M,Fencing,Men's Sabre Team,HTEAM
Silver Medal,2,31-07-2024,Hungary,HUN,M,Fencing,Men's Sabre Team,HTEAM
Bronze Medal,3,31-07-2024,France,FRA,M,Fencing,Men's Sabre Team,HTEAM
Gold Medal,1,31-07-2024,Lasha BEKAURI,GEO,M,Judo,Men -90 kg,HATH
Silver Medal,2,31-07-2024,MURAO Sanshiro,JPN,M,Judo,Men -90 kg,HATH
Bronze Medal,3,31-07-2024,Maxime-Gael NGAYAP HAMBOU,FRA,M,Judo,Men -90 kg,HATH
Bronze Medal,3,31-07-2024,Theodoros TSELIDIS,GRE,M,Judo,Men -90 kg,HATH
Gold Medal,1,31-07-2024,Barbara MATIC,CRO,W,Judo,Women -70 kg,HATH
Silver Medal,2,31-07-2024,Miriam BUTKEREIT,GER,W,Judo,Women -70 kg,HATH
Bronze Medal,3,31-07-2024,Michaela POLLERES,AUT,W,Judo,Women -70 kg,HATH
Bronze Medal,3,31-07-2024,Gabriella WILLEMS,BEL,W,Judo,Women -70 kg,HATH
Gold Medal,1,31-07-2024,Netherlands,NED,M,Rowing,Men's Quadruple Sculls,TEAM
Silver Medal,2,31-07-2024,Italy,ITA,M,Rowing,Men's Quadruple Sculls,TEAM
Bronze Medal,3,31-07-2024,Poland,POL,M,Rowing,Men's Quadruple Sculls,TEAM
Gold Medal,1,31-07-2024,Great Britain,GBR,W,Rowing,Women's Quadruple Sculls,TEAM
Silver Medal,2,31-07-2024,Netherlands,NED,W,Rowing,Women's Quadruple Sculls,TEAM
Bronze Medal,3,31-07-2024,Germany,GER,W,Rowing,Women's Quadruple Sculls,TEAM
Gold Medal,1,31-07-2024,Adriana RUANO OLIVA,GUA,W,Shooting,Trap Women,ATH
Silver Medal,2,31-07-2024,Silvana Maria STANCO,ITA,W,Shooting,Trap Women,ATH
Bronze Medal,3,31-07-2024,Penny SMITH,AUS,W,Shooting,Trap Women,ATH
Gold Medal,1,31-07-2024,PAN Zhanle,CHN,M,Swimming,Men's 100m Freestyle,ATH
Silver Medal,2,31-07-2024,Kyle CHALMERS,AUS,M,Swimming,Men's 100m Freestyle,ATH
Bronze Medal,3,31-07-2024,David POPOVICI,ROU,M,Swimming,Men's 100m Freestyle,ATH
Gold Medal,1,31-07-2024,Leon MARCHAND,FRA,M,Swimming,Men's 200m Breaststroke,ATH
Silver Medal,2,31-07-2024,Zac STUBBLETY-COOK,AUS,M,Swimming,Men's 200m Breaststroke,ATH
Bronze Medal,3,31-07-2024,Caspar CORBEAU,NED,M,Swimming,Men's 200m Breaststroke,ATH
Gold Medal,1,31-07-2024,Leon MARCHAND,FRA,M,Swimming,Men's 200m Butterfly,ATH
Silver Medal,2,31-07-2024,Kristof MILAK,HUN,M,Swimming,Men's 200m Butterfly,ATH
Bronze Medal,3,31-07-2024,Ilya KHARUN,CAN,M,Swimming,Men's 200m Butterfly,ATH
Gold Medal,1,31-07-2024,Sarah SJOESTROEM,SWE,W,Swimming,Women's 100m Freestyle,ATH
Silver Medal,2,31-07-2024,Torri HUSKE,USA,W,Swimming,Women's 100m Freestyle,ATH
Bronze Medal,3,31-07-2024,HAUGHEY Siobhan Bernadette,HKG,W,Swimming,Women's 100m Freestyle,ATH
Gold Medal,1,31-07-2024,Katie LEDECKY,USA,W,Swimming,Women's 1500m Freestyle,ATH
Silver Medal,2,31-07-2024,Anastasiia KIRPICHNIKOVA,FRA,W,Swimming,Women's 1500m Freestyle,ATH
Bronze Medal,3,31-07-2024,Isabel GOSE,GER,W,Swimming,Women's 1500m Freestyle,ATH
Gold Medal,1,31-07-2024,Alex YEE,GBR,M,Triathlon,Men's Individual,ATH
Silver Medal,2,31-07-2024,Hayden WILDE,NZL,M,Triathlon,Men's Individual,ATH
Bronze Medal,3,31-07-2024,Leo BERGERE,FRA,M,Triathlon,Men's Individual,ATH
Gold Medal,1,31-07-2024,Cassandre BEAUGRAND,FRA,W,Triathlon,Women's Individual,ATH
Silver Medal,2,31-07-2024,Julie DERRON,SUI,W,Triathlon,Women's Individual,ATH
Bronze Medal,3,31-07-2024,Beth POTTER,GBR,W,Triathlon,Women's Individual,ATH
Gold Medal,1,01-08-2024,Simone BILES,USA,W,Artistic Gymnastics,Women's All-Around,ATH
Silver Medal,2,01-08-2024,Rebeca ANDRADE,BRA,W,Artistic Gymnastics,Women's All-Around,ATH
Bronze Medal,3,01-08-2024,Sunisa LEE,USA,W,Artistic Gymnastics,Women's All-Around,ATH
Gold Medal,1,01-08-2024,Brian Daniel PINTADO,ECU,M,Athletics,Men's 20km Race Walk,ATH
Silver Medal,2,01-08-2024,Caio BONFIM,BRA,M,Athletics,Men's 20km Race Walk,ATH
Bronze Medal,3,01-08-2024,Alvaro MARTIN,ESP,M,Athletics,Men's 20km Race Walk,ATH
Gold Medal,1,01-08-2024,YANG Jiayu,CHN,W,Athletics,Women's 20km Race Walk,ATH
Silver Medal,2,01-08-2024,Maria PEREZ,ESP,W,Athletics,Women's 20km Race Walk,ATH
Bronze Medal,3,01-08-2024,Jemima MONTAG,AUS,W,Athletics,Women's 20km Race Walk,ATH
Gold Medal,1,01-08-2024,Giovanni de GENNARO,ITA,M,Canoe Slalom,Men's Kayak Single,ATH
Silver Medal,2,01-08-2024,Titouan CASTRYCK,FRA,M,Canoe Slalom,Men's Kayak Single,ATH
Bronze Medal,3,01-08-2024,Pau ECHANIZ,ESP,M,Canoe Slalom,Men's Kayak Single,ATH
Gold Medal,1,01-08-2024,United States,USA,W,Fencing,Women's Foil Team,HTEAM
Silver Medal,2,01-08-2024,Italy,ITA,W,Fencing,Women's Foil Team,HTEAM
Bronze Medal,3,01-08-2024,Japan,JPN,W,Fencing,Women's Foil Team,HTEAM
Gold Medal,1,01-08-2024,Zelym KOTSOIEV,AZE,M,Judo,Men -100 kg,HATH
Silver Medal,2,01-08-2024,Ilia SULAMANIDZE,GEO,M,Judo,Men -100 kg,HATH
Bronze Medal,3,01-08-2024,Peter PALTCHIK,ISR,M,Judo,Men -100 kg,HATH
Bronze Medal,3,01-08-2024,Muzaffarbek TUROBOYEV,UZB,M,Judo,Men -100 kg,HATH
Gold Medal,1,01-08-2024,Alice BELLANDI,ITA,W,Judo,Women -78 kg,HATH
Silver Medal,2,01-08-2024,Inbar LANIR,ISR,W,Judo,Women -78 kg,HATH
Bronze Medal,3,01-08-2024,MA Zhenzhao,CHN,W,Judo,Women -78 kg,HATH
Bronze Medal,3,01-08-2024,Patricia SAMPAIO,POR,W,Judo,Women -78 kg,HATH
Gold Medal,1,01-08-2024,Romania,ROU,M,Rowing,Men's Double Sculls,TEAM
Silver Medal,2,01-08-2024,Netherlands,NED,M,Rowing,Men's Double Sculls,TEAM
Bronze Medal,3,01-08-2024,Ireland,IRL,M,Rowing,Men's Double Sculls,TEAM
Gold Medal,1,01-08-2024,United States,USA,M,Rowing,Men's Four,TEAM
Silver Medal,2,01-08-2024,New Zealand,NZL,M,Rowing,Men's Four,TEAM
Bronze Medal,3,01-08-2024,Great Britain,GBR,M,Rowing,Men's Four,TEAM
Gold Medal,1,01-08-2024,New Zealand,NZL,W,Rowing,Women's Double Sculls,TEAM
Silver Medal,2,01-08-2024,Romania,ROU,W,Rowing,Women's Double Sculls,TEAM
Bronze Medal,3,01-08-2024,Great Britain,GBR,W,Rowing,Women's Double Sculls,TEAM
Gold Medal,1,01-08-2024,Netherlands,NED,W,Rowing,Women's Four,TEAM
Silver Medal,2,01-08-2024,Great Britain,GBR,W,Rowing,Women's Four,TEAM
Bronze Medal,3,01-08-2024,New Zealand,NZL,W,Rowing,Women's Four,TEAM
Gold Medal,1,01-08-2024,LIU Yukun,CHN,M,Shooting,50m Rifle 3 Positions Men,ATH
Silver Medal,2,01-08-2024,Serhiy KULISH,UKR,M,Shooting,50m Rifle 3 Positions Men,ATH
Bronze Medal,3,01-08-2024,Swapnil KUSALE,IND,M,Shooting,50m Rifle 3 Positions Men,ATH
Gold Medal,1,01-08-2024,Hubert KOS,HUN,M,Swimming,Men's 200m Backstroke,ATH
Silver Medal,2,01-08-2024,Apostolos CHRISTOU,GRE,M,Swimming,Men's 200m Backstroke,ATH
Bronze Medal,3,01-08-2024,Roman MITYUKOV,SUI,M,Swimming,Men's 200m Backstroke,ATH
Gold Medal,1,01-08-2024,Kate DOUGLASS,USA,W,Swimming,Women's 200m Breaststroke,ATH
Silver Medal,2,01-08-2024,Tatjana SMITH,RSA,W,Swimming,Women's 200m Breaststroke,ATH
Bronze Medal,3,01-08-2024,Tes SCHOUTEN,NED,W,Swimming,Women's 200m Breaststroke,ATH
Gold Medal,1,01-08-2024,Summer McINTOSH,CAN,W,Swimming,Women's 200m Butterfly,ATH
Silver Medal,2,01-08-2024,Regan SMITH,USA,W,Swimming,Women's 200m Butterfly,ATH
Bronze Medal,3,01-08-2024,ZHANG Yufei,CHN,W,Swimming,Women's 200m Butterfly,ATH
Gold Medal,1,01-08-2024,Australia,AUS,W,Swimming,Women's 4 x 200m Freestyle Relay,TEAM
Silver Medal,2,01-08-2024,United States,USA,W,Swimming,Women's 4 x 200m Freestyle Relay,TEAM
Bronze Medal,3,01-08-2024,China,CHN,W,Swimming,Women's 4 x 200m Freestyle Relay,TEAM
Gold Medal,1,02-08-2024,Korea,KOR,X,Archery,Mixed Team,HTEAM
Silver Medal,2,02-08-2024,Germany,GER,X,Archery,Mixed Team,HTEAM
Bronze Medal,3,02-08-2024,United States,USA,X,Archery,Mixed Team,HTEAM
Gold Medal,1,02-08-2024,Joshua CHEPTEGEI,UGA,M,Athletics,"Men's 10,000m",ATH
Silver Medal,2,02-08-2024,Berihu AREGAWI,ETH,M,Athletics,"Men's 10,000m",ATH
Bronze Medal,3,02-08-2024,Grant FISHER,USA,M,Athletics,"Men's 10,000m",ATH
Gold Medal,1,02-08-2024,ZHENG/HUANG,CHN,X,Badminton,Mixed Doubles,HCOUP
Silver Medal,2,02-08-2024,KIM/JEONG,KOR,X,Badminton,Mixed Doubles,HCOUP
Bronze Medal,3,02-08-2024,WATANABE/HIGASHINO,JPN,X,Badminton,Mixed Doubles,HCOUP
Gold Medal,1,02-08-2024,Joris DAUDET,FRA,M,Cycling BMX Racing,Men,ATH
Silver Medal,2,02-08-2024,Sylvain ANDRE,FRA,M,Cycling BMX Racing,Men,ATH
Bronze Medal,3,02-08-2024,Romain MAHIEU,FRA,M,Cycling BMX Racing,Men,ATH
Gold Medal,1,02-08-2024,Saya SAKAKIBARA,AUS,W,Cycling BMX Racing,Women,ATH
Silver Medal,2,02-08-2024,Manon VEENSTRA,NED,W,Cycling BMX Racing,Women,ATH
Bronze Medal,3,02-08-2024,Zoe CLAESSENS,SUI,W,Cycling BMX Racing,Women,ATH
Gold Medal,1,02-08-2024,China,CHN,M,Diving,Men's Synchronised 3m Springboard,TEAM
Silver Medal,2,02-08-2024,Mexico,MEX,M,Diving,Men's Synchronised 3m Springboard,TEAM
Bronze Medal,3,02-08-2024,Great Britain,GBR,M,Diving,Men's Synchronised 3m Springboard,TEAM
Gold Medal,1,02-08-2024,Great Britain,GBR,O,Equestrian,Jumping Team,TEAM
Silver Medal,2,02-08-2024,United States,USA,O,Equestrian,Jumping Team,TEAM
Bronze Medal,3,02-08-2024,France,FRA,O,Equestrian,Jumping Team,TEAM
Gold Medal,1,02-08-2024,Hungary,HUN,M,Fencing,Men's Épée Team,HTEAM
Silver Medal,2,02-08-2024,Japan,JPN,M,Fencing,Men's Épée Team,HTEAM
Bronze Medal,3,02-08-2024,Czechia,CZE,M,Fencing,Men's Épée Team,HTEAM
Gold Medal,1,02-08-2024,Teddy RINER,FRA,M,Judo,Men +100 kg,HATH
Silver Medal,2,02-08-2024,KIM Minjong,KOR,M,Judo,Men +100 kg,HATH
Bronze Medal,3,02-08-2024,Temur RAKHIMOV,TJK,M,Judo,Men +100 kg,HATH
Bronze Medal,3,02-08-2024,Alisher YUSUPOV,UZB,M,Judo,Men +100 kg,HATH
Gold Medal,1,02-08-2024,Beatriz SOUZA,BRA,W,Judo,Women +78 kg,HATH
Silver Medal,2,02-08-2024,Raz HERSHKO,ISR,W,Judo,Women +78 kg,HATH
Bronze Medal,3,02-08-2024,KIM Hayun,KOR,W,Judo,Women +78 kg,HATH
Bronze Medal,3,02-08-2024,Romane DICKO,FRA,W,Judo,Women +78 kg,HATH
Gold Medal,1,02-08-2024,Ireland,IRL,M,Rowing,Lightweight Men's Double Sculls,TEAM
Silver Medal,2,02-08-2024,Italy,ITA,M,Rowing,Lightweight Men's Double Sculls,TEAM
Bronze Medal,3,02-08-2024,Greece,GRE,M,Rowing,Lightweight Men's Double Sculls,TEAM
Gold Medal,1,02-08-2024,Great Britain,GBR,W,Rowing,Lightweight Women's Double Sculls,TEAM
Silver Medal,2,02-08-2024,Romania,ROU,W,Rowing,Lightweight Women's Double Sculls,TEAM
Bronze Medal,3,02-08-2024,Greece,GRE,W,Rowing,Lightweight Women's Double Sculls,TEAM
Gold Medal,1,02-08-2024,Croatia,CRO,M,Rowing,Men's Pair,TEAM
Silver Medal,2,02-08-2024,Great Britain,GBR,M,Rowing,Men's Pair,TEAM
Bronze Medal,3,02-08-2024,Switzerland,SUI,M,Rowing,Men's Pair,TEAM
Gold Medal,1,02-08-2024,Netherlands,NED,W,Rowing,Women's Pair,TEAM
Silver Medal,2,02-08-2024,Romania,ROU,W,Rowing,Women's Pair,TEAM
Bronze Medal,3,02-08-2024,Australia,AUS,W,Rowing,Women's Pair,TEAM
Gold Medal,1,02-08-2024,BOTIN/TRITTEL,ESP,M,Sailing,Men's Skiff,TEAM
Silver Medal,2,02-08-2024,McHARDIE/McKENZIE,NZL,M,Sailing,Men's Skiff,TEAM
Bronze Medal,3,02-08-2024,BARROWS/HENKEN,USA,M,Sailing,Men's Skiff,TEAM
Gold Medal,1,02-08-2024,AANHOLT/DUETZ,NED,W,Sailing,Women's Skiff,TEAM
Silver Medal,2,02-08-2024,BOBECK/NETZLER,SWE,W,Sailing,Women's Skiff,TEAM
Bronze Medal,3,02-08-2024,STEYAERT/PICON,FRA,W,Sailing,Women's Skiff,TEAM
Gold Medal,1,02-08-2024,Chiara LEONE,SUI,W,Shooting,50m Rifle 3 Positions Women,ATH
Silver Medal,2,02-08-2024,Sagen MADDALENA,USA,W,Shooting,50m Rifle 3 Positions Women,ATH
Bronze Medal,3,02-08-2024,ZHANG Qiongyue,CHN,W,Shooting,50m Rifle 3 Positions Women,ATH
Gold Medal,1,02-08-2024,Leon MARCHAND,FRA,M,Swimming,Men's 200m Individual Medley,ATH
Silver Medal,2,02-08-2024,Duncan SCOTT,GBR,M,Swimming,Men's 200m Individual Medley,ATH
Bronze Medal,3,02-08-2024,WANG Shun,CHN,M,Swimming,Men's 200m Individual Medley,ATH
Gold Medal,1,02-08-2024,Cameron McEVOY,AUS,M,Swimming,Men's 50m Freestyle,ATH
Silver Medal,2,02-08-2024,Benjamin PROUD,GBR,M,Swimming,Men's 50m Freestyle,ATH
Bronze Medal,3,02-08-2024,Florent MANAUDOU,FRA,M,Swimming,Men's 50m Freestyle,ATH
Gold Medal,1,02-08-2024,Kaylee McKEOWN,AUS,W,Swimming,Women's 200m Backstroke,ATH
Silver Medal,2,02-08-2024,Regan SMITH,USA,W,Swimming,Women's 200m Backstroke,ATH
Bronze Medal,3,02-08-2024,Kylie MASSE,CAN,W,Swimming,Women's 200m Backstroke,ATH
Gold Medal,1,02-08-2024,SINIAKOVA/MACHAC,CZE,X,Tennis,Mixed Doubles,HCOUP
Silver Medal,2,02-08-2024,WANG/ZHANG,CHN,X,Tennis,Mixed Doubles,HCOUP
Bronze Medal,3,02-08-2024,DABROWSKI/AUGER-ALIAS,CAN,X,Tennis,Mixed Doubles,HCOUP
Bronze Medal,3,02-08-2024,Iga SWIATEK,POL,W,Tennis,Women's Singles,HATH
Gold Medal,1,02-08-2024,Ivan LITVINOVICH,AIN,M,Trampoline Gymnastics,Men,ATH
Silver Medal,2,02-08-2024,WANG Zisai,CHN,M,Trampoline Gymnastics,Men,ATH
Bronze Medal,3,02-08-2024,YAN Langyu,CHN,M,Trampoline Gymnastics,Men,ATH
Gold Medal,1,02-08-2024,Bryony PAGE,GBR,W,Trampoline Gymnastics,Women,ATH
Silver Medal,2,02-08-2024,Viyaleta BARDZILOUSKAYA,AIN,W,Trampoline Gymnastics,Women,ATH
Bronze Medal,3,02-08-2024,Sophiane METHOT,CAN,W,Trampoline Gymnastics,Women,ATH
Gold Medal,1,03-08-2024,LIM Sihyeon,KOR,W,Archery,Women's Individual,HATH
Silver Medal,2,03-08-2024,NAM Suhyeon,KOR,W,Archery,Women's Individual,HATH
Bronze Medal,3,03-08-2024,Lisa BARBELIN,FRA,W,Archery,Women's Individual,HATH
Gold Medal,1,03-08-2024,Carlos Edriel YULO,PHI,M,Artistic Gymnastics,Men's Floor Exercise,ATH
Silver Medal,2,03-08-2024,Artem DOLGOPYAT,ISR,M,Artistic Gymnastics,Men's Floor Exercise,ATH
Bronze Medal,3,03-08-2024,Jake JARMAN,GBR,M,Artistic Gymnastics,Men's Floor Exercise,ATH
Gold Medal,1,03-08-2024,Rhys MC CLENAGHAN,IRL,M,Artistic Gymnastics,Men's Pommel Horse,ATH
Silver Medal,2,03-08-2024,Nariman KURBANOV,KAZ,M,Artistic Gymnastics,Men's Pommel Horse,ATH
Bronze Medal,3,03-08-2024,Stephen NEDOROSCIK,USA,M,Artistic Gymnastics,Men's Pommel Horse,ATH
Gold Medal,1,03-08-2024,Simone BILES,USA,W,Artistic Gymnastics,Women's Vault,ATH
Silver Medal,2,03-08-2024,Rebeca ANDRADE,BRA,W,Artistic Gymnastics,Women's Vault,ATH
Bronze Medal,3,03-08-2024,Jade CAREY,USA,W,Artistic Gymnastics,Women's Vault,ATH
Gold Medal,1,03-08-2024,Netherlands,NED,X,Athletics,4 x 400m Relay Mixed,TEAM
Silver Medal,2,03-08-2024,United States,USA,X,Athletics,4 x 400m Relay Mixed,TEAM
Bronze Medal,3,03-08-2024,Great Britain,GBR,X,Athletics,4 x 400m Relay Mixed,TEAM
Gold Medal,1,03-08-2024,Markus ROOTH,NOR,M,Athletics,Men's Decathlon,ATH
Silver Medal,2,03-08-2024,Leo NEUGEBAUER,GER,M,Athletics,Men's Decathlon,ATH
Bronze Medal,3,03-08-2024,Lindon VICTOR,GRN,M,Athletics,Men's Decathlon,ATH
Gold Medal,1,03-08-2024,Ryan CROUSER,USA,M,Athletics,Men's Shot Put,ATH
Silver Medal,2,03-08-2024,Joe KOVACS,USA,M,Athletics,Men's Shot Put,ATH
Bronze Medal,3,03-08-2024,Rajindra CAMPBELL,JAM,M,Athletics,Men's Shot Put,ATH
Gold Medal,1,03-08-2024,Julien ALFRED,LCA,W,Athletics,Women's 100m,ATH
Silver Medal,2,03-08-2024,Sha'carri RICHARDSON,USA,W,Athletics,Women's 100m,ATH
Bronze Medal,3,03-08-2024,Melissa JEFFERSON,USA,W,Athletics,Women's 100m,ATH
Gold Medal,1,03-08-2024,Thea LAFOND,DMA,W,Athletics,Women's Triple Jump,ATH
Silver Medal,2,03-08-2024,Shanieka RICKETTS,JAM,W,Athletics,Women's Triple Jump,ATH
Bronze Medal,3,03-08-2024,Jasmine MOORE,USA,W,Athletics,Women's Triple Jump,ATH
Gold Medal,1,03-08-2024,CHEN/JIA,CHN,W,Badminton,Women's Doubles,HCOUP
Silver Medal,2,03-08-2024,LIU/TAN,CHN,W,Badminton,Women's Doubles,HCOUP
Bronze Medal,3,03-08-2024,MATSUYAMA/SHIDA,JPN,W,Badminton,Women's Doubles,HCOUP
Bronze Medal,3,03-08-2024,WU Shih Yi,TPE,W,Boxing,Women's 60kg,HATH
Bronze Medal,3,03-08-2024,Beatriz Iasmin SOARES FERREIRA,BRA,W,Boxing,Women's 60kg,HATH
Gold Medal,1,03-08-2024,Remco EVENEPOEL,BEL,M,Cycling Road,Men's Road Race,ATH
Silver Medal,2,03-08-2024,Valentin MADOUAS,FRA,M,Cycling Road,Men's Road Race,ATH
Bronze Medal,3,03-08-2024,Christophe LAPORTE,FRA,M,Cycling Road,Men's Road Race,ATH
Gold Medal,1,03-08-2024,Germany,GER,O,Equestrian,Dressage Team,TEAM
Silver Medal,2,03-08-2024,Denmark,DEN,O,Equestrian,Dressage Team,TEAM
Bronze Medal,3,03-08-2024,Great Britain,GBR,O,Equestrian,Dressage Team,TEAM
Gold Medal,1,03-08-2024,Ukraine,UKR,W,Fencing,Women's Sabre Team,HTEAM
Silver Medal,2,03-08-2024,Korea,KOR,W,Fencing,Women's Sabre Team,HTEAM
Bronze Medal,3,03-08-2024,Japan,JPN,W,Fencing,Women's Sabre Team,HTEAM
Gold Medal,1,03-08-2024,France,FRA,X,Judo,Mixed Team,HTEAM
Silver Medal,2,03-08-2024,Japan,JPN,X,Judo,Mixed Team,HTEAM
Bronze Medal,3,03-08-2024,Brazil,BRA,X,Judo,Mixed Team,HTEAM
Bronze Medal,3,03-08-2024,Korea,KOR,X,Judo,Mixed Team,HTEAM
Gold Medal,1,03-08-2024,Great Britain,GBR,M,Rowing,Men's Eight,TEAM
Silver Medal,2,03-08-2024,Netherlands,NED,M,Rowing,Men's Eight,TEAM
Bronze Medal,3,03-08-2024,United States,USA,M,Rowing,Men's Eight,TEAM
Gold Medal,1,03-08-2024,Oliver ZEIDLER,GER,M,Rowing,Men's Single Sculls,ATH
Silver Medal,2,03-08-2024,Yauheni ZALATY,AIN,M,Rowing,Men's Single Sculls,ATH
Bronze Medal,3,03-08-2024,Simon van DORP,NED,M,Rowing,Men's Single Sculls,ATH
Gold Medal,1,03-08-2024,Romania,ROU,W,Rowing,Women's Eight,TEAM
Silver Medal,2,03-08-2024,Canada,CAN,W,Rowing,Women's Eight,TEAM
Bronze Medal,3,03-08-2024,Great Britain,GBR,W,Rowing,Women's Eight,TEAM
Gold Medal,1,03-08-2024,Karolien FLORIJN,NED,W,Rowing,Women's Single Sculls,ATH
Silver Medal,2,03-08-2024,Emma TWIGG,NZL,W,Rowing,Women's Single Sculls,ATH
Bronze Medal,3,03-08-2024,Viktorija SENKUTE,LTU,W,Rowing,Women's Single Sculls,ATH
Gold Medal,1,03-08-2024,Tom REUVENY,ISR,M,Sailing,Men's Windsurfing,ATH
Silver Medal,2,03-08-2024,Grae MORRIS,AUS,M,Sailing,Men's Windsurfing,ATH
Bronze Medal,3,03-08-2024,Luuc van OPZEELAND,NED,M,Sailing,Men's Windsurfing,ATH
Gold Medal,1,03-08-2024,Marta MAGGETTI,ITA,W,Sailing,Women's Windsurfing,ATH
Silver Medal,2,03-08-2024,Sharon KANTOR,ISR,W,Sailing,Women's Windsurfing,ATH
Bronze Medal,3,03-08-2024,Emma WILSON,GBR,W,Sailing,Women's Windsurfing,ATH
Gold Medal,1,03-08-2024,YANG Jiin,KOR,W,Shooting,25m Pistol Women,ATH
Silver Medal,2,03-08-2024,Camille JEDRZEJEWSKI,FRA,W,Shooting,25m Pistol Women,ATH
Bronze Medal,3,03-08-2024,Veronika MAJOR,HUN,W,Shooting,25m Pistol Women,ATH
Gold Medal,1,03-08-2024,Vincent HANCOCK,USA,M,Shooting,Skeet Men,ATH
Silver Medal,2,03-08-2024,Conner Lynn PRINCE,USA,M,Shooting,Skeet Men,ATH
Bronze Medal,3,03-08-2024,LEE Meng Yuan,TPE,M,Shooting,Skeet Men,ATH
Gold Medal,1,03-08-2024,Kristof MILAK,HUN,M,Swimming,Men's 100m Butterfly,ATH
Silver Medal,2,03-08-2024,Josh LIENDO,CAN,M,Swimming,Men's 100m Butterfly,ATH
Bronze Medal,3,03-08-2024,Ilya KHARUN,CAN,M,Swimming,Men's 100m Butterfly,ATH
Gold Medal,1,03-08-2024,United States,USA,X,Swimming,Mixed 4 x 100m Medley Relay,TEAM
Silver Medal,2,03-08-2024,China,CHN,X,Swimming,Mixed 4 x 100m Medley Relay,TEAM
Bronze Medal,3,03-08-2024,Australia,AUS,X,Swimming,Mixed 4 x 100m Medley Relay,TEAM
Gold Medal,1,03-08-2024,Summer McINTOSH,CAN,W,Swimming,Women's 200m Individual Medley,ATH
Silver Medal,2,03-08-2024,Kate DOUGLASS,USA,W,Swimming,Women's 200m Individual Medley,ATH
Bronze Medal,3,03-08-2024,Kaylee McKEOWN,AUS,W,Swimming,Women's 200m Individual Medley,ATH
Gold Medal,1,03-08-2024,Katie LEDECKY,USA,W,Swimming,Women's 800m Freestyle,ATH
Silver Medal,2,03-08-2024,Ariarne TITMUS,AUS,W,Swimming,Women's 800m Freestyle,ATH
Bronze Medal,3,03-08-2024,Paige MADDEN,USA,W,Swimming,Women's 800m Freestyle,ATH
Gold Medal,1,03-08-2024,CHEN Meng,CHN,W,Table Tennis,Women's Singles,HATH
Silver Medal,2,03-08-2024,SUN Yingsha,CHN,W,Table Tennis,Women's Singles,HATH
Bronze Medal,3,03-08-2024,Hina HAYATA,JPN,W,Table Tennis,Women's Singles,HATH
Gold Medal,1,03-08-2024,EBDEN/PEERS,AUS,M,Tennis,Men's Doubles,HCOUP
Silver Medal,2,03-08-2024,KRAJICEK/RAM,USA,M,Tennis,Men's Doubles,HCOUP
Bronze Medal,3,03-08-2024,FRITZ/PAUL,USA,M,Tennis,Men's Doubles,HCOUP
Bronze Medal,3,03-08-2024,Lorenzo MUSETTI,ITA,M,Tennis,Men's Singles,HATH
Gold Medal,1,03-08-2024,ZHENG Qinwen,CHN,W,Tennis,Women's Singles,HATH
Silver Medal,2,03-08-2024,Donna VEKIC,CRO,W,Tennis,Women's Singles,HATH
Gold Medal,1,04-08-2024,KIM Woojin,KOR,M,Archery,Men's Individual,HATH
Silver Medal,2,04-08-2024,Brady ELLISON,USA,M,Archery,Men's Individual,HATH
Bronze Medal,3,04-08-2024,LEE Wooseok,KOR,M,Archery,Men's Individual,HATH
Gold Medal,1,04-08-2024,LIU Yang,CHN,M,Artistic Gymnastics,Men's Rings,ATH
Silver Medal,2,04-08-2024,ZOU Jingyuan,CHN,M,Artistic Gymnastics,Men's Rings,ATH
Bronze Medal,3,04-08-2024,Eleftherios PETROUNIAS,GRE,M,Artistic Gymnastics,Men's Rings,ATH
Gold Medal,1,04-08-2024,Carlos Edriel YULO,PHI,M,Artistic Gymnastics,Men's Vault,ATH
Silver Medal,2,04-08-2024,Artur DAVTYAN,ARM,M,Artistic Gymnastics,Men's Vault,ATH
Bronze Medal,3,04-08-2024,Harry HEPWORTH,GBR,M,Artistic Gymnastics,Men's Vault,ATH
Gold Medal,1,04-08-2024,Kaylia NEMOUR,ALG,W,Artistic Gymnastics,Women's Uneven Bars,ATH
Silver Medal,2,04-08-2024,QIU Qiyuan,CHN,W,Artistic Gymnastics,Women's Uneven Bars,ATH
Bronze Medal,3,04-08-2024,Sunisa LEE,USA,W,Artistic Gymnastics,Women's Uneven Bars,ATH
Gold Medal,1,04-08-2024,Noah LYLES,USA,M,Athletics,Men's 100m,ATH
Silver Medal,2,04-08-2024,Kishane THOMPSON,JAM,M,Athletics,Men's 100m,ATH
Bronze Medal,3,04-08-2024,Fred KERLEY,USA,M,Athletics,Men's 100m,ATH
Gold Medal,1,04-08-2024,Ethan KATZBERG,CAN,M,Athletics,Men's Hammer Throw,ATH
Silver Medal,2,04-08-2024,Bence HALASZ,HUN,M,Athletics,Men's Hammer Throw,ATH
Bronze Medal,3,04-08-2024,Mykhaylo KOKHAN,UKR,M,Athletics,Men's Hammer Throw,ATH
Gold Medal,1,04-08-2024,Yaroslava MAHUCHIKH,UKR,W,Athletics,Women's High Jump,ATH
Silver Medal,2,04-08-2024,Nicola OLYSLAGERS,AUS,W,Athletics,Women's High Jump,ATH
Bronze Medal,3,04-08-2024,Iryna GERASHCHENKO,UKR,W,Athletics,Women's High Jump,ATH
Bronze Medal,3,04-08-2024,Eleanor PATTERSON,AUS,W,Athletics,Women's High Jump,ATH
Gold Medal,1,04-08-2024,LEE/WANG,TPE,M,Badminton,Men's Doubles,HCOUP
Silver Medal,2,04-08-2024,LIANG/WANG,CHN,M,Badminton,Men's Doubles,HCOUP
Bronze Medal,3,04-08-2024,CHIA/SOH,MAS,M,Badminton,Men's Doubles,HCOUP
Bronze Medal,,04-08-2024,Gregoria Mariska TUNJUNG,INA,W,Badminton,Women's Singles,HATH
Bronze Medal,3,04-08-2024,Yunior ALCANTARA REYES,DOM,M,Boxing,Men's 51kg,HATH
Bronze Medal,3,04-08-2024,David de PINA,CPV,M,Boxing,Men's 51kg,HATH
Bronze Medal,3,04-08-2024,Wyatt SANFORD,CAN,M,Boxing,Men's 63.5kg,HATH
Bronze Medal,3,04-08-2024,Lasha GURULI,GEO,M,Boxing,Men's 63.5kg,HATH
Bronze Medal,3,04-08-2024,Cristian Javier PINALES,DOM,M,Boxing,Men's 80kg,HATH
Bronze Medal,3,04-08-2024,Arlen LOPEZ CARDONA,CUB,M,Boxing,Men's 80kg,HATH
Bronze Medal,3,04-08-2024,Enmanuel REYES PLA,ESP,M,Boxing,Men's 92kg,HATH
Bronze Medal,3,04-08-2024,Davlat BOLTAEV,TJK,M,Boxing,Men's 92kg,HATH
Bronze Medal,3,04-08-2024,PANG Cholmi,PRK,W,Boxing,Women's 54kg,HATH
Bronze Medal,3,04-08-2024,IM Aeji,KOR,W,Boxing,Women's 54kg,HATH
Gold Medal,1,04-08-2024,Kristen FAULKNER,USA,W,Cycling Road,Women's Road Race,ATH
Silver Medal,2,04-08-2024,Marianne VOS,NED,W,Cycling Road,Women's Road Race,ATH
Bronze Medal,3,04-08-2024,Lotte KOPECKY,BEL,W,Cycling Road,Women's Road Race,ATH
Gold Medal,1,04-08-2024,Jessica von BREDOW-WERNDL,GER,O,Equestrian,Dressage Individual,ATH
Silver Medal,2,04-08-2024,Isabell WERTH,GER,O,Equestrian,Dressage Individual,ATH
Bronze Medal,3,04-08-2024,Charlotte FRY,GBR,O,Equestrian,Dressage Individual,ATH
Gold Medal,1,04-08-2024,Japan,JPN,M,Fencing,Men's Foil Team,HTEAM
Silver Medal,2,04-08-2024,Italy,ITA,M,Fencing,Men's Foil Team,HTEAM
Bronze Medal,3,04-08-2024,France,FRA,M,Fencing,Men's Foil Team,HTEAM
Gold Medal,1,04-08-2024,Scottie SCHEFFLER,USA,M,Golf,Men's Individual Stroke Play,ATH
Silver Medal,2,04-08-2024,Tommy FLEETWOOD,GBR,M,Golf,Men's Individual Stroke Play,ATH
Bronze Medal,3,04-08-2024,MATSUYAMA Hideki,JPN,M,Golf,Men's Individual Stroke Play,ATH
Gold Medal,1,04-08-2024,Francisca CROVETTO CHADID,CHI,W,Shooting,Skeet Women,ATH
Silver Medal,2,04-08-2024,Amber Jo RUTTER,GBR,W,Shooting,Skeet Women,ATH
Bronze Medal,3,04-08-2024,Austen Jewell SMITH,USA,W,Shooting,Skeet Women,ATH
Gold Medal,1,04-08-2024,Bobby FINKE,USA,M,Swimming,Men's 1500m Freestyle,ATH
Silver Medal,2,04-08-2024,Gregorio PALTRINIERI,ITA,M,Swimming,Men's 1500m Freestyle,ATH
Bronze Medal,3,04-08-2024,Daniel WIFFEN,IRL,M,Swimming,Men's 1500m Freestyle,ATH
Gold Medal,1,04-08-2024,China,CHN,M,Swimming,Men's 4 x 100m Medley Relay,TEAM
Silver Medal,2,04-08-2024,United States,USA,M,Swimming,Men's 4 x 100m Medley Relay,TEAM
Bronze Medal,3,04-08-2024,France,FRA,M,Swimming,Men's 4 x 100m Medley Relay,TEAM
Gold Medal,1,04-08-2024,United States,USA,W,Swimming,Women's 4 x 100m Medley Relay,TEAM
Silver Medal,2,04-08-2024,Australia,AUS,W,Swimming,Women's 4 x 100m Medley Relay,TEAM
Bronze Medal,3,04-08-2024,China,CHN,W,Swimming,Women's 4 x 100m Medley Relay,TEAM
Gold Medal,1,04-08-2024,Sarah SJOESTROEM,SWE,W,Swimming,Women's 50m Freestyle,ATH
Silver Medal,2,04-08-2024,Meg HARRIS,AUS,W,Swimming,Women's 50m Freestyle,ATH
Bronze Medal,3,04-08-2024,ZHANG Yufei,CHN,W,Swimming,Women's 50m Freestyle,ATH
Gold Medal,1,04-08-2024,FAN Zhendong,CHN,M,Table Tennis,Men's Singles,HATH
Silver Medal,2,04-08-2024,Truls MOREGARD,SWE,M,Table Tennis,Men's Singles,HATH
Bronze Medal,3,04-08-2024,Felix LEBRUN,FRA,M,Table Tennis,Men's Singles,HATH
Gold Medal,1,04-08-2024,Novak DJOKOVIC,SRB,M,Tennis,Men's Singles,HATH
Silver Medal,2,04-08-2024,Carlos ALCARAZ,ESP,M,Tennis,Men's Singles,HATH
Gold Medal,1,04-08-2024,ERRANI/PAOLINI,ITA,W,Tennis,Women's Doubles,HCOUP
Silver Medal,2,04-08-2024,ANDREEVA/SHNAIDER,AIN,W,Tennis,Women's Doubles,HCOUP
Bronze Medal,3,04-08-2024,BUCSA/SORRIBES TORMO,ESP,W,Tennis,Women's Doubles,HCOUP
Gold Medal,1,05-08-2024,Netherlands,NED,M,3x3 Basketball,Men,HTEAM
Silver Medal,2,05-08-2024,France,FRA,M,3x3 Basketball,Men,HTEAM
Bronze Medal,3,05-08-2024,Lithuania,LTU,M,3x3 Basketball,Men,HTEAM
Gold Medal,1,05-08-2024,Germany,GER,W,3x3 Basketball,Women,HTEAM
Silver Medal,2,05-08-2024,Spain,ESP,W,3x3 Basketball,Women,HTEAM
Bronze Medal,3,05-08-2024,United States,USA,W,3x3 Basketball,Women,HTEAM
Gold Medal,1,05-08-2024,OKA Shinnosuke,JPN,M,Artistic Gymnastics,Men's Horizontal Bar,ATH
Silver Medal,2,05-08-2024,Angel BARAJAS,COL,M,Artistic Gymnastics,Men's Horizontal Bar,ATH
Bronze Medal,3,05-08-2024,ZHANG Boheng,CHN,M,Artistic Gymnastics,Men's Horizontal Bar,ATH
Bronze Medal,3,05-08-2024,TANG Chia-Hung,TPE,M,Artistic Gymnastics,Men's Horizontal Bar,ATH
Gold Medal,1,05-08-2024,ZOU Jingyuan,CHN,M,Artistic Gymnastics,Men's Parallel Bars,ATH
Silver Medal,2,05-08-2024,Illia KOVTUN,UKR,M,Artistic Gymnastics,Men's Parallel Bars,ATH
Bronze Medal,3,05-08-2024,OKA Shinnosuke,JPN,M,Artistic Gymnastics,Men's Parallel Bars,ATH
Gold Medal,1,05-08-2024,Alice D'AMATO,ITA,W,Artistic Gymnastics,Women's Balance Beam,ATH
Silver Medal,2,05-08-2024,ZHOU Yaqin,CHN,W,Artistic Gymnastics,Women's Balance Beam,ATH
Bronze Medal,3,05-08-2024,Manila ESPOSITO,ITA,W,Artistic Gymnastics,Women's Balance Beam,ATH
Gold Medal,1,05-08-2024,Rebeca ANDRADE,BRA,W,Artistic Gymnastics,Women's Floor Exercise,ATH
Silver Medal,2,05-08-2024,Simone BILES,USA,W,Artistic Gymnastics,Women's Floor Exercise,ATH
Bronze Medal,3,05-08-2024,Ana BARBOSU,ROU,W,Artistic Gymnastics,Women's Floor Exercise,ATH
Gold Medal,1,05-08-2024,Armand DUPLANTIS,SWE,M,Athletics,Men's Pole Vault,ATH
Silver Medal,2,05-08-2024,Sam KENDRICKS,USA,M,Athletics,Men's Pole Vault,ATH
Bronze Medal,3,05-08-2024,Emmanouil KARALIS,GRE,M,Athletics,Men's Pole Vault,ATH
Gold Medal,1,05-08-2024,Beatrice CHEBET,KEN,W,Athletics,Women's 5000m,ATH
Silver Medal,2,05-08-2024,Faith KIPYEGON,KEN,W,Athletics,Women's 5000m,ATH
Bronze Medal,3,05-08-2024,Sifan HASSAN,NED,W,Athletics,Women's 5000m,ATH
Gold Medal,1,05-08-2024,Keely HODGKINSON,GBR,W,Athletics,Women's 800m,ATH
Silver Medal,2,05-08-2024,Tsige DUGUMA,ETH,W,Athletics,Women's 800m,ATH
Bronze Medal,3,05-08-2024,Mary MORAA,KEN,W,Athletics,Women's 800m,ATH
Gold Medal,1,05-08-2024,Valarie ALLMAN,USA,W,Athletics,Women's Discus Throw,ATH
Silver Medal,2,05-08-2024,FENG Bin,CHN,W,Athletics,Women's Discus Throw,ATH
Bronze Medal,3,05-08-2024,Sandra ELKASEVIC,CRO,W,Athletics,Women's Discus Throw,ATH
Gold Medal,1,05-08-2024,Viktor AXELSEN,DEN,M,Badminton,Men's Singles,HATH
Silver Medal,2,05-08-2024,Kunlavut VITIDSARN,THA,M,Badminton,Men's Singles,HATH
Bronze Medal,3,05-08-2024,Zii Jia LEE,MAS,M,Badminton,Men's Singles,HATH
Gold Medal,1,05-08-2024,AN Se Young,KOR,W,Badminton,Women's Singles,HATH
Silver Medal,2,05-08-2024,HE Bing Jiao,CHN,W,Badminton,Women's Singles,HATH
Gold Medal,1,05-08-2024,Finn BUTCHER,NZL,M,Canoe Slalom,Men's Kayak Cross,ATH
Silver Medal,2,05-08-2024,Joseph CLARKE,GBR,M,Canoe Slalom,Men's Kayak Cross,ATH
Bronze Medal,3,05-08-2024,Noah HEGGE,GER,M,Canoe Slalom,Men's Kayak Cross,ATH
Gold Medal,1,05-08-2024,Noemie FOX,AUS,W,Canoe Slalom,Women's Kayak Cross,ATH
Silver Medal,2,05-08-2024,Angele HUG,FRA,W,Canoe Slalom,Women's Kayak Cross,ATH
Bronze Medal,3,05-08-2024,Kimberley WOODS,GBR,W,Canoe Slalom,Women's Kayak Cross,ATH
Gold Medal,1,05-08-2024,Great Britain,GBR,W,Cycling Track,Women's Team Sprint,TEAM
Silver Medal,2,05-08-2024,New Zealand,NZL,W,Cycling Track,Women's Team Sprint,TEAM
Bronze Medal,3,05-08-2024,Germany,GER,W,Cycling Track,Women's Team Sprint,TEAM
Gold Medal,1,05-08-2024,LI Yuehong,CHN,M,Shooting,25m Rapid Fire Pistol Men,ATH
Silver Medal,2,05-08-2024,CHO Yeongjae,KOR,M,Shooting,25m Rapid Fire Pistol Men,ATH
Bronze Medal,3,05-08-2024,WANG Xinjie,CHN,M,Shooting,25m Rapid Fire Pistol Men,ATH
Gold Medal,1,05-08-2024,Italy 1,ITA,X,Shooting,Skeet Mixed Team,HTEAM
Silver Medal,2,05-08-2024,United States 1,USA,X,Shooting,Skeet Mixed Team,HTEAM
Bronze Medal,3,05-08-2024,China,CHN,X,Shooting,Skeet Mixed Team,HTEAM
Gold Medal,1,05-08-2024,Kauli VAAST,FRA,M,Surfing,Men,HATH
Silver Medal,2,05-08-2024,Jack ROBINSON,AUS,M,Surfing,Men,HATH
Bronze Medal,3,05-08-2024,Gabriel MEDINA,BRA,M,Surfing,Men,HATH
Gold Medal,1,05-08-2024,Caroline MARKS,USA,W,Surfing,Women,HATH
Silver Medal,2,05-08-2024,Tatiana WESTON-WEBB,BRA,W,Surfing,Women,HATH
Bronze Medal,3,05-08-2024,Johanne DEFAY,FRA,W,Surfing,Women,HATH
Gold Medal,1,05-08-2024,Germany,GER,X,Triathlon,Mixed Relay,TEAM
Silver Medal,2,05-08-2024,United States,USA,X,Triathlon,Mixed Relay,TEAM
Bronze Medal,3,05-08-2024,Great Britain,GBR,X,Triathlon,Mixed Relay,TEAM
Gold Medal,1,06-08-2024,Cole HOCKER,USA,M,Athletics,Men's 1500m,ATH
Silver Medal,2,06-08-2024,Josh KERR,GBR,M,Athletics,Men's 1500m,ATH
Bronze Medal,3,06-08-2024,Yared NUGUSE,USA,M,Athletics,Men's 1500m,ATH
Gold Medal,1,06-08-2024,Miltiadis TENTOGLOU,GRE,M,Athletics,Men's Long Jump,ATH
Silver Medal,2,06-08-2024,Wayne PINNOCK,JAM,M,Athletics,Men's Long Jump,ATH
Bronze Medal,3,06-08-2024,Mattia FURLANI,ITA,M,Athletics,Men's Long Jump,ATH
Gold Medal,1,06-08-2024,Gabrielle THOMAS,USA,W,Athletics,Women's 200m,ATH
Silver Medal,2,06-08-2024,Julien ALFRED,LCA,W,Athletics,Women's 200m,ATH
Bronze Medal,3,06-08-2024,Brittany BROWN,USA,W,Athletics,Women's 200m,ATH
Gold Medal,1,06-08-2024,Winfred YAVI,BRN,W,Athletics,Women's 3000m Steeplechase,ATH
Silver Medal,2,06-08-2024,Peruth CHEMUTAI,UGA,W,Athletics,Women's 3000m Steeplechase,ATH
Bronze Medal,3,06-08-2024,Faith CHEROTICH,KEN,W,Athletics,Women's 3000m Steeplechase,ATH
Gold Medal,1,06-08-2024,Camryn ROGERS,CAN,W,Athletics,Women's Hammer Throw,ATH
Silver Medal,2,06-08-2024,Annette Nneka ECHIKUNWOKE,USA,W,Athletics,Women's Hammer Throw,ATH
Bronze Medal,3,06-08-2024,ZHAO Jie,CHN,W,Athletics,Women's Hammer Throw,ATH
Bronze Medal,3,06-08-2024,Omari JONES,USA,M,Boxing,Men's 71kg,HATH
Bronze Medal,3,06-08-2024,Lewis RICHARDSON,GBR,M,Boxing,Men's 71kg,HATH
Bronze Medal,3,06-08-2024,Nazym KYZAIBAY,KAZ,W,Boxing,Women's 50kg,HATH
Bronze Medal,3,06-08-2024,Aira VILLEGAS,PHI,W,Boxing,Women's 50kg,HATH
Gold Medal,1,06-08-2024,Kellie HARRINGTON,IRL,W,Boxing,Women's 60kg,HATH
Silver Medal,2,06-08-2024,YANG Wenlu,CHN,W,Boxing,Women's 60kg,HATH
Bronze Medal,3,06-08-2024,Janjaem SUWANNAPHENG,THA,W,Boxing,Women's 66kg,HATH
Bronze Medal,3,06-08-2024,CHEN Nien Chin,TPE,W,Boxing,Women's 66kg,HATH
Gold Medal,1,06-08-2024,Netherlands,NED,M,Cycling Track,Men's Team Sprint,TEAM
Silver Medal,2,06-08-2024,Great Britain,GBR,M,Cycling Track,Men's Team Sprint,TEAM
Bronze Medal,3,06-08-2024,Australia,AUS,M,Cycling Track,Men's Team Sprint,TEAM
Gold Medal,1,06-08-2024,QUAN Hongchan,CHN,W,Diving,Women's 10m Platform,ATH
Silver Medal,2,06-08-2024,CHEN Yuxi,CHN,W,Diving,Women's 10m Platform,ATH
Bronze Medal,3,06-08-2024,KIM Mi Rae,PRK,W,Diving,Women's 10m Platform,ATH
Gold Medal,1,06-08-2024,Christian KUKUK,GER,O,Equestrian,Jumping Individual,ATH
Silver Medal,2,06-08-2024,Steve GUERDAT,SUI,O,Equestrian,Jumping Individual,ATH
Bronze Medal,3,06-08-2024,Maikel van der VLEUTEN,NED,O,Equestrian,Jumping Individual,ATH
Gold Medal,1,06-08-2024,Arisa TREW,AUS,W,Skateboarding,Women's Park,ATH
Silver Medal,2,06-08-2024,HIRAKI Cocona,JPN,W,Skateboarding,Women's Park,ATH
Bronze Medal,3,06-08-2024,Sky BROWN,GBR,W,Skateboarding,Women's Park,ATH
Gold Medal,1,06-08-2024,Mijain LOPEZ NUNEZ,CUB,M,Wrestling,Men's Greco-Roman 130kg,HATH
Silver Medal,2,06-08-2024,Yasmani ACOSTA FERNANDEZ,CHI,M,Wrestling,Men's Greco-Roman 130kg,HATH
Bronze Medal,3,06-08-2024,Amin MIRZAZADEH,IRI,M,Wrestling,Men's Greco-Roman 130kg,HATH
Bronze Medal,3,06-08-2024,MENG Lingzhe,CHN,M,Wrestling,Men's Greco-Roman 130kg,HATH
Gold Medal,1,06-08-2024,FUMITA Kenichiro,JPN,M,Wrestling,Men's Greco-Roman 60kg,HATH
Silver Medal,2,06-08-2024,CAO Liguo,CHN,M,Wrestling,Men's Greco-Roman 60kg,HATH
Bronze Medal,3,06-08-2024,Zholaman SHARSHENBEKOV,KGZ,M,Wrestling,Men's Greco-Roman 60kg,HATH
Bronze Medal,3,06-08-2024,RI Se Ung,PRK,M,Wrestling,Men's Greco-Roman 60kg,HATH
Gold Medal,1,06-08-2024,Amit ELOR,USA,W,Wrestling,Women's Freestyle 68kg,HATH
Silver Medal,2,06-08-2024,Meerim ZHUMANAZAROVA,KGZ,W,Wrestling,Women's Freestyle 68kg,HATH
Bronze Medal,3,06-08-2024,Buse CAVUSOGLU TOSUN,TUR,W,Wrestling,Women's Freestyle 68kg,HATH
Bronze Medal,3,06-08-2024,OZAKI Nonoka,JPN,W,Wrestling,Women's Freestyle 68kg,HATH
Gold Medal,1,07-08-2024,China,CHN,O,Artistic Swimming,Team,TEAM
Silver Medal,2,07-08-2024,United States,USA,O,Artistic Swimming,Team,TEAM
Bronze Medal,3,07-08-2024,Spain,ESP,O,Artistic Swimming,Team,TEAM
Gold Medal,1,07-08-2024,MARTIN A/PEREZ M,ESP,X,Athletics,Marathon Race Walk Relay Mixed,TEAM
Silver Medal,2,07-08-2024,PINTADO B/MOREJON G,ECU,X,Athletics,Marathon Race Walk Relay Mixed,TEAM
Bronze Medal,3,07-08-2024,COWLEY R/MONTAG J,AUS,X,Athletics,Marathon Race Walk Relay Mixed,TEAM
Gold Medal,1,07-08-2024,Soufiane EL BAKKALI,MAR,M,Athletics,Men's 3000m Steeplechase,ATH
Silver Medal,2,07-08-2024,Kenneth ROOKS,USA,M,Athletics,Men's 3000m Steeplechase,ATH
Bronze Medal,3,07-08-2024,Abraham KIBIWOT,KEN,M,Athletics,Men's 3000m Steeplechase,ATH
Gold Medal,1,07-08-2024,Quincy HALL,USA,M,Athletics,Men's 400m,ATH
Silver Medal,2,07-08-2024,Matthew HUDSON-SMITH,GBR,M,Athletics,Men's 400m,ATH
Bronze Medal,3,07-08-2024,Muzala SAMUKONGA,ZAM,M,Athletics,Men's 400m,ATH
Gold Medal,1,07-08-2024,Roje STONA,JAM,M,Athletics,Men's Discus Throw,ATH
Silver Medal,2,07-08-2024,Mykolas ALEKNA,LTU,M,Athletics,Men's Discus Throw,ATH
Bronze Medal,3,07-08-2024,Matthew DENNY,AUS,M,Athletics,Men's Discus Throw,ATH
Gold Medal,1,07-08-2024,Nina KENNEDY,AUS,W,Athletics,Women's Pole Vault,ATH
Silver Medal,2,07-08-2024,Katie MOON,USA,W,Athletics,Women's Pole Vault,ATH
Bronze Medal,3,07-08-2024,Alysha NEWMAN,CAN,W,Athletics,Women's Pole Vault,ATH
Bronze Medal,3,07-08-2024,Nelvie Raman TIAFACK,GER,M,Boxing,Men's +92kg,HATH
Bronze Medal,3,07-08-2024,Djamili-Dini ABOUDOU MOINDZE,FRA,M,Boxing,Men's +92kg,HATH
Gold Medal,1,07-08-2024,Erislandy ALVAREZ BORGES,CUB,M,Boxing,Men's 63.5kg,HATH
Silver Medal,2,07-08-2024,Sofiane OUMIHA,FRA,M,Boxing,Men's 63.5kg,HATH
Gold Medal,1,07-08-2024,Oleksandr KHYZHNIAK,UKR,M,Boxing,Men's 80kg,HATH
Silver Medal,2,07-08-2024,Nurbek ORALBAY,KAZ,M,Boxing,Men's 80kg,HATH
Bronze Medal,3,07-08-2024,Esra YILDIZ KAHRAMAN,TUR,W,Boxing,Women's 57kg,HATH
Bronze Medal,3,07-08-2024,Nesthy PETECIO,PHI,W,Boxing,Women's 57kg,HATH
Gold Medal,1,07-08-2024,Australia,AUS,M,Cycling Track,Men's Team Pursuit,TEAM
Silver Medal,2,07-08-2024,Great Britain,GBR,M,Cycling Track,Men's Team Pursuit,TEAM
Bronze Medal,3,07-08-2024,Italy,ITA,M,Cycling Track,Men's Team Pursuit,TEAM
Gold Medal,1,07-08-2024,United States,USA,W,Cycling Track,Women's Team Pursuit,TEAM
Silver Medal,2,07-08-2024,New Zealand,NZL,W,Cycling Track,Women's Team Pursuit,TEAM
Bronze Medal,3,07-08-2024,Great Britain,GBR,W,Cycling Track,Women's Team Pursuit,TEAM
Gold Medal,1,07-08-2024,Matt WEARN,AUS,M,Sailing,Men's Dinghy,ATH
Silver Medal,2,07-08-2024,Pavlos KONTIDES,CYP,M,Sailing,Men's Dinghy,ATH
Bronze Medal,3,07-08-2024,Stefano PESCHIERA,PER,M,Sailing,Men's Dinghy,ATH
Gold Medal,1,07-08-2024,Marit BOUWMEESTER,NED,W,Sailing,Women's Dinghy,ATH
Silver Medal,2,07-08-2024,Anne-Marie RINDOM,DEN,W,Sailing,Women's Dinghy,ATH
Bronze Medal,3,07-08-2024,Line Flem HOEST,NOR,W,Sailing,Women's Dinghy,ATH
Gold Medal,1,07-08-2024,Keegan PALMER,AUS,M,Skateboarding,Men's Park,ATH
Silver Medal,2,07-08-2024,Tom SCHAAR,USA,M,Skateboarding,Men's Park,ATH
Bronze Medal,3,07-08-2024,Augusto AKIO,BRA,M,Skateboarding,Men's Park,ATH
Gold Medal,1,07-08-2024,Aleksandra MIROSLAW,POL,W,Sport Climbing,Women's Speed,ATH
Silver Medal,2,07-08-2024,DENG Lijuan,CHN,W,Sport Climbing,Women's Speed,ATH
Bronze Medal,3,07-08-2024,Aleksandra KALUCKA,POL,W,Sport Climbing,Women's Speed,ATH
Gold Medal,1,07-08-2024,PARK Taejoon,KOR,M,Taekwondo,Men -58kg,HATH
Silver Medal,2,07-08-2024,Gashim MAGOMEDOV,AZE,M,Taekwondo,Men -58kg,HATH
Bronze Medal,3,07-08-2024,Cyrian RAVET,FRA,M,Taekwondo,Men -58kg,HATH
Bronze Medal,3,07-08-2024,Mohamed Khalil JENDOUBI,TUN,M,Taekwondo,Men -58kg,HATH
Gold Medal,1,07-08-2024,Panipak WONGPATTANAKIT,THA,W,Taekwondo,Women -49kg,HATH
Silver Medal,2,07-08-2024,GUO Qing,CHN,W,Taekwondo,Women -49kg,HATH
Bronze Medal,3,07-08-2024,Mobina NEMATZADEH,IRI,W,Taekwondo,Women -49kg,HATH
Bronze Medal,3,07-08-2024,Lena STOJKOVIC,CRO,W,Taekwondo,Women -49kg,HATH
Gold Medal,1,07-08-2024,LI Fabin,CHN,M,Weightlifting,Men's 61kg,ATH
Silver Medal,2,07-08-2024,Theerapong SILACHAI,THA,M,Weightlifting,Men's 61kg,ATH
Bronze Medal,3,07-08-2024,Hampton MORRIS,USA,M,Weightlifting,Men's 61kg,ATH
Gold Medal,1,07-08-2024,HOU Zhihui,CHN,W,Weightlifting,Women's 49kg,ATH
Silver Medal,2,07-08-2024,Mihaela Valentina CAMBEI,ROU,W,Weightlifting,Women's 49kg,ATH
Bronze Medal,3,07-08-2024,Surodchana KHAMBAO,THA,W,Weightlifting,Women's 49kg,ATH
Gold Medal,1,07-08-2024,KUSAKA Nao,JPN,M,Wrestling,Men's Greco-Roman 77kg,HATH
Silver Medal,2,07-08-2024,Demeu ZHADRAYEV,KAZ,M,Wrestling,Men's Greco-Roman 77kg,HATH
Bronze Medal,3,07-08-2024,Malkhas AMOYAN,ARM,M,Wrestling,Men's Greco-Roman 77kg,HATH
Bronze Medal,3,07-08-2024,Akzhol MAKHMUDOV,KGZ,M,Wrestling,Men's Greco-Roman 77kg,HATH
Gold Medal,1,07-08-2024,Mohammadhadi SARAVI,IRI,M,Wrestling,Men's Greco-Roman 97kg,HATH
Silver Medal,2,07-08-2024,Artur ALEKSANYAN,ARM,M,Wrestling,Men's Greco-Roman 97kg,HATH
Bronze Medal,3,07-08-2024,Gabriel Alejandro ROSILLO KINDELAN,CUB,M,Wrestling,Men's Greco-Roman 97kg,HATH
Bronze Medal,3,07-08-2024,Uzur DZHUZUPBEKOV,KGZ,M,Wrestling,Men's Greco-Roman 97kg,HATH
Gold Medal,1,07-08-2024,Sarah Ann HILDEBRANDT,USA,W,Wrestling,Women's Freestyle 50kg,HATH
Silver Medal,2,07-08-2024,Yusneylis GUZMAN LOPEZ,CUB,W,Wrestling,Women's Freestyle 50kg,HATH
Bronze Medal,3,07-08-2024,SUSAKI Yui,JPN,W,Wrestling,Women's Freestyle 50kg,HATH
Bronze Medal,3,07-08-2024,FENG Ziqi,CHN,W,Wrestling,Women's Freestyle 50kg,HATH
Gold Medal,1,08-08-2024,Grant HOLLOWAY,USA,M,Athletics,Men's 110m Hurdles,ATH
Silver Medal,2,08-08-2024,Daniel ROBERTS,USA,M,Athletics,Men's 110m Hurdles,ATH
Bronze Medal,3,08-08-2024,Rasheed BROADBELL,JAM,M,Athletics,Men's 110m Hurdles,ATH
Gold Medal,1,08-08-2024,Letsile TEBOGO,BOT,M,Athletics,Men's 200m,ATH
Silver Medal,2,08-08-2024,Kenneth BEDNAREK,USA,M,Athletics,Men's 200m,ATH
Bronze Medal,3,08-08-2024,Noah LYLES,USA,M,Athletics,Men's 200m,ATH
Gold Medal,1,08-08-2024,Arshad NADEEM,PAK,M,Athletics,Men's Javelin Throw,ATH
Silver Medal,2,08-08-2024,Neeraj CHOPRA,IND,M,Athletics,Men's Javelin Throw,ATH
Bronze Medal,3,08-08-2024,Anderson PETERS,GRN,M,Athletics,Men's Javelin Throw,ATH
Gold Medal,1,08-08-2024,Sydney McLAUGHLIN-LEVRONE,USA,W,Athletics,Women's 400m Hurdles,ATH
Silver Medal,2,08-08-2024,Anna COCKRELL,USA,W,Athletics,Women's 400m Hurdles,ATH
Bronze Medal,3,08-08-2024,Femke BOL,NED,W,Athletics,Women's 400m Hurdles,ATH
Gold Medal,1,08-08-2024,Tara DAVIS-WOODHALL,USA,W,Athletics,Women's Long Jump,ATH
Silver Medal,2,08-08-2024,Malaika MIHAMBO,GER,W,Athletics,Women's Long Jump,ATH
Bronze Medal,3,08-08-2024,Jasmine MOORE,USA,W,Athletics,Women's Long Jump,ATH
Gold Medal,1,08-08-2024,Hasanboy DUSMATOV,UZB,M,Boxing,Men's 51kg,HATH
Silver Medal,2,08-08-2024,Billal BENNAMA,FRA,M,Boxing,Men's 51kg,HATH
Bronze Medal,3,08-08-2024,Charlie SENIOR,AUS,M,Boxing,Men's 57kg,HATH
Bronze Medal,3,08-08-2024,Javier IBANEZ DIAZ,BUL,M,Boxing,Men's 57kg,HATH
Gold Medal,1,08-08-2024,CHANG Yuan,CHN,W,Boxing,Women's 54kg,HATH
Silver Medal,2,08-08-2024,Hatice AKBAS,TUR,W,Boxing,Women's 54kg,HATH
Bronze Medal,3,08-08-2024,Caitlin PARKER,AUS,W,Boxing,Women's 75kg,HATH
Bronze Medal,3,08-08-2024,Cindy Winner DJANKEU NGAMBA,EOR,W,Boxing,Women's 75kg,HATH
Gold Medal,1,08-08-2024,LIU/JI,CHN,M,Canoe Sprint,Men's Canoe Double 500m,COUP
Silver Medal,2,08-08-2024,CASADEI/TACCHINI,ITA,M,Canoe Sprint,Men's Canoe Double 500m,COUP
Bronze Medal,3,08-08-2024,MORENO/DOMINGUEZ,ESP,M,Canoe Sprint,Men's Canoe Double 500m,COUP
Gold Medal,1,08-08-2024,Germany,GER,M,Canoe Sprint,Men's Kayak Four 500m,TEAM
Silver Medal,2,08-08-2024,Australia,AUS,M,Canoe Sprint,Men's Kayak Four 500m,TEAM
Bronze Medal,3,08-08-2024,Spain,ESP,M,Canoe Sprint,Men's Kayak Four 500m,TEAM
Gold Medal,1,08-08-2024,New Zealand,NZL,W,Canoe Sprint,Women's Kayak Four 500m,TEAM
Silver Medal,2,08-08-2024,Germany,GER,W,Canoe Sprint,Women's Kayak Four 500m,TEAM
Bronze Medal,3,08-08-2024,Hungary,HUN,W,Canoe Sprint,Women's Kayak Four 500m,TEAM
Gold Medal,1,08-08-2024,Benjamin THOMAS,FRA,M,Cycling Track,Men's Omnium,ATH
Silver Medal,2,08-08-2024,Iuri LEITAO,POR,M,Cycling Track,Men's Omnium,ATH
Bronze Medal,3,08-08-2024,Fabio van den BOSSCHE,BEL,M,Cycling Track,Men's Omnium,ATH
Gold Medal,1,08-08-2024,Ellesse ANDREWS,NZL,W,Cycling Track,Women's Keirin,ATH
Silver Medal,2,08-08-2024,Hetty van de WOUW,NED,W,Cycling Track,Women's Keirin,ATH
Bronze Medal,3,08-08-2024,Emma FINUCANE,GBR,W,Cycling Track,Women's Keirin,ATH
Gold Medal,1,08-08-2024,XIE Siyi,CHN,M,Diving,Men's 3m Springboard,ATH
Silver Medal,2,08-08-2024,WANG Zongyuan,CHN,M,Diving,Men's 3m Springboard,ATH
Bronze Medal,3,08-08-2024,Osmar OLVERA IBARRA,MEX,M,Diving,Men's 3m Springboard,ATH
Bronze Medal,3,08-08-2024,Morocco,MAR,M,Football,Men,HTEAM
Gold Medal,1,08-08-2024,Netherlands,NED,M,Hockey,Men,HTEAM
Silver Medal,2,08-08-2024,Germany,GER,M,Hockey,Men,HTEAM
Bronze Medal,3,08-08-2024,India,IND,M,Hockey,Men,HTEAM
Gold Medal,1,08-08-2024,Sharon van ROUWENDAAL,NED,W,Marathon Swimming,Women's 10km,ATH
Silver Medal,2,08-08-2024,Moesha JOHNSON,AUS,W,Marathon Swimming,Women's 10km,ATH
Bronze Medal,3,08-08-2024,Ginevra TADDEUCCI,ITA,W,Marathon Swimming,Women's 10km,ATH
Gold Medal,1,08-08-2024,VADLAU/MAEHR,AUT,X,Sailing,Mixed Dinghy,TEAM
Silver Medal,2,08-08-2024,OKADA/YOSHIOKA,JPN,X,Sailing,Mixed Dinghy,TEAM
Bronze Medal,3,08-08-2024,DAHLBERG/KARLSSON,SWE,X,Sailing,Mixed Dinghy,TEAM
Gold Medal,1,08-08-2024,TITA/BANTI,ITA,X,Sailing,Mixed Multihull,TEAM
Silver Medal,2,08-08-2024,MAJDALANI/BOSCO,ARG,X,Sailing,Mixed Multihull,TEAM
Bronze Medal,3,08-08-2024,WILKINSON/DAWSON,NZL,X,Sailing,Mixed Multihull,TEAM
Gold Medal,1,08-08-2024,Eleanor ALDRIDGE,GBR,W,Sailing,Women's Kite,ATH
Silver Medal,2,08-08-2024,Lauriane NOLOT,FRA,W,Sailing,Women's Kite,ATH
Bronze Medal,3,08-08-2024,Annelous LAMMERTS,NED,W,Sailing,Women's Kite,ATH
Gold Medal,1,08-08-2024,Veddriq LEONARDO,INA,M,Sport Climbing,Men's Speed,ATH
Silver Medal,2,08-08-2024,WU Peng,CHN,M,Sport Climbing,Men's Speed,ATH
Bronze Medal,3,08-08-2024,Sam WATSON,USA,M,Sport Climbing,Men's Speed,ATH
Gold Medal,1,08-08-2024,Ulugbek RASHITOV,UZB,M,Taekwondo,Men -68kg,HATH
Silver Medal,2,08-08-2024,Zaid KAREEM,JOR,M,Taekwondo,Men -68kg,HATH
Bronze Medal,3,08-08-2024,LIANG Yushuai,CHN,M,Taekwondo,Men -68kg,HATH
Bronze Medal,3,08-08-2024,Edival PONTES,BRA,M,Taekwondo,Men -68kg,HATH
Gold Medal,1,08-08-2024,KIM Yujin,KOR,W,Taekwondo,Women -57kg,HATH
Silver Medal,2,08-08-2024,Nahid KIYANICHANDEH,IRI,W,Taekwondo,Women -57kg,HATH
Bronze Medal,3,08-08-2024,Skylar PARK,CAN,W,Taekwondo,Women -57kg,HATH
Bronze Medal,3,08-08-2024,Alizadeh KIMIA,BUL,W,Taekwondo,Women -57kg,HATH
Gold Medal,1,08-08-2024,Rizki JUNIANSYAH,INA,M,Weightlifting,Men's 73kg,ATH
Silver Medal,2,08-08-2024,Weeraphon WICHUMA,THA,M,Weightlifting,Men's 73kg,ATH
Bronze Medal,3,08-08-2024,Bozhidar Dimitrov ANDREEV,BUL,M,Weightlifting,Men's 73kg,ATH
Gold Medal,1,08-08-2024,LUO Shifang,CHN,W,Weightlifting,Women's 59kg,ATH
Silver Medal,2,08-08-2024,Maude CHARRON,CAN,W,Weightlifting,Women's 59kg,ATH
Bronze Medal,3,08-08-2024,KUO Hsing-Chun,TPE,W,Weightlifting,Women's 59kg,ATH
Gold Medal,1,08-08-2024,Saeid ESMAEILI LEIVESI,IRI,M,Wrestling,Men's Greco-Roman 67kg,HATH
Silver Medal,2,08-08-2024,Parviz NASIBOV,UKR,M,Wrestling,Men's Greco-Roman 67kg,HATH
Bronze Medal,3,08-08-2024,Hasrat JAFAROV,AZE,M,Wrestling,Men's Greco-Roman 67kg,HATH
Bronze Medal,3,08-08-2024,Luis Alberto ORTA SANCHEZ,CUB,M,Wrestling,Men's Greco-Roman 67kg,HATH
Gold Medal,1,08-08-2024,Semen Sergeevich NOVIKOV,BUL,M,Wrestling,Men's Greco-Roman 87kg,HATH
Silver Medal,2,08-08-2024,Alireza MOHMADIPIANI,IRI,M,Wrestling,Men's Greco-Roman 87kg,HATH
Bronze Medal,3,08-08-2024,Zhan BELENIUK,UKR,M,Wrestling,Men's Greco-Roman 87kg,HATH
Bronze Medal,3,08-08-2024,Turpal Ali BISULTANOV,DEN,M,Wrestling,Men's Greco-Roman 87kg,HATH
Gold Medal,1,08-08-2024,FUJINAMI Akari,JPN,W,Wrestling,Women's Freestyle 53kg,HATH
Silver Medal,2,08-08-2024,Lucia Yamileth YEPEZ GUZMAN,ECU,W,Wrestling,Women's Freestyle 53kg,HATH
Bronze Medal,3,08-08-2024,CHOE Hyo Gyong,PRK,W,Wrestling,Women's Freestyle 53kg,HATH
Bronze Medal,3,08-08-2024,PANG Qianyu,CHN,W,Wrestling,Women's Freestyle 53kg,HATH
Gold Medal,1,09-08-2024,Canada,CAN,M,Athletics,Men's 4 x 100m Relay,TEAM
Silver Medal,2,09-08-2024,South Africa,RSA,M,Athletics,Men's 4 x 100m Relay,TEAM
Bronze Medal,3,09-08-2024,Great Britain,GBR,M,Athletics,Men's 4 x 100m Relay,TEAM
Gold Medal,1,09-08-2024,Rai BENJAMIN,USA,M,Athletics,Men's 400m Hurdles,ATH
Silver Medal,2,09-08-2024,Karsten WARHOLM,NOR,M,Athletics,Men's 400m Hurdles,ATH
Bronze Medal,3,09-08-2024,Alison dos SANTOS,BRA,M,Athletics,Men's 400m Hurdles,ATH
Gold Medal,1,09-08-2024,Jordan Alejandro DIAZ FORTUN,ESP,M,Athletics,Men's Triple Jump,ATH
Silver Medal,2,09-08-2024,Pedro PICHARDO,POR,M,Athletics,Men's Triple Jump,ATH
Bronze Medal,3,09-08-2024,Andy DIAZ HERNANDEZ,ITA,M,Athletics,Men's Triple Jump,ATH
Gold Medal,1,09-08-2024,Beatrice CHEBET,KEN,W,Athletics,"Women's 10,000m",ATH
Silver Medal,2,09-08-2024,Nadia BATTOCLETTI,ITA,W,Athletics,"Women's 10,000m",ATH
Bronze Medal,3,09-08-2024,Sifan HASSAN,NED,W,Athletics,"Women's 10,000m",ATH
Gold Medal,1,09-08-2024,United States,USA,W,Athletics,Women's 4 x 100m Relay,TEAM
Silver Medal,2,09-08-2024,Great Britain,GBR,W,Athletics,Women's 4 x 100m Relay,TEAM
Bronze Medal,3,09-08-2024,Germany,GER,W,Athletics,Women's 4 x 100m Relay,TEAM
Gold Medal,1,09-08-2024,Marileidy PAULINO,DOM,W,Athletics,Women's 400m,ATH
Silver Medal,2,09-08-2024,Salwa Eid NASER,BRN,W,Athletics,Women's 400m,ATH
Bronze Medal,3,09-08-2024,Natalia KACZMAREK,POL,W,Athletics,Women's 400m,ATH
Gold Medal,1,09-08-2024,Yemisi OGUNLEYE,GER,W,Athletics,Women's Shot Put,ATH
Silver Medal,2,09-08-2024,Maddison-Lee WESCHE,NZL,W,Athletics,Women's Shot Put,ATH
Bronze Medal,3,09-08-2024,SONG Jiayuan,CHN,W,Athletics,Women's Shot Put,ATH
Gold Medal,1,09-08-2024,ANA PATRICIA/DUDA,BRA,W,Beach Volleyball,Women,HTEAM
Silver Medal,2,09-08-2024,MELISSA/BRANDIE,CAN,W,Beach Volleyball,Women,HTEAM
Bronze Medal,3,09-08-2024,HUBERLI/BRUNNER,SUI,W,Beach Volleyball,Women,HTEAM
Gold Medal,1,09-08-2024,Asadkhuja MUYDINKHUJAEV,UZB,M,Boxing,Men's 71kg,HATH
Silver Medal,2,09-08-2024,Marco Alonso VERDE ALVAREZ,MEX,M,Boxing,Men's 71kg,HATH
Gold Medal,1,09-08-2024,Lazizbek MULLOJONOV,UZB,M,Boxing,Men's 92kg,HATH
Silver Medal,2,09-08-2024,Loren Berto ALFONSO DOMINGUEZ,AZE,M,Boxing,Men's 92kg,HATH
Gold Medal,1,09-08-2024,WU Yu,CHN,W,Boxing,Women's 50kg,HATH
Silver Medal,2,09-08-2024,Buse Naz CAKIROGLU,TUR,W,Boxing,Women's 50kg,HATH
Gold Medal,1,09-08-2024,Imane KHELIF,ALG,W,Boxing,Women's 66kg,HATH
Silver Medal,2,09-08-2024,YANG Liu,CHN,W,Boxing,Women's 66kg,HATH
Gold Medal,1,09-08-2024,AMI,JPN,W,Breaking,B-Girls,HATH
Silver Medal,2,09-08-2024,NICKA,LTU,W,Breaking,B-Girls,HATH
Bronze Medal,3,09-08-2024,671,CHN,W,Breaking,B-Girls,HATH
Gold Medal,1,09-08-2024,Martin FUKSA,CZE,M,Canoe Sprint,Men's Canoe Single 1000m,ATH
Silver Medal,2,09-08-2024,Isaquias QUEIROZ,BRA,M,Canoe Sprint,Men's Canoe Single 1000m,ATH
Bronze Medal,3,09-08-2024,Serghei TARNOVSCHI,MDA,M,Canoe Sprint,Men's Canoe Single 1000m,ATH
Gold Medal,1,09-08-2024,SCHOPF/LEMKE,GER,M,Canoe Sprint,Men's Kayak Double 500m,COUP
Silver Medal,2,09-08-2024,NADAS/TOTKA,HUN,M,Canoe Sprint,Men's Kayak Double 500m,COUP
Bronze Medal,3,09-08-2024,van der WE/GREEN,AUS,M,Canoe Sprint,Men's Kayak Double 500m,COUP
Gold Medal,1,09-08-2024,XU/SUN,CHN,W,Canoe Sprint,Women's Canoe Double 500m,COUP
Silver Medal,2,09-08-2024,LUZAN/RYBACHOK,UKR,W,Canoe Sprint,Women's Canoe Double 500m,COUP
Bronze Medal,3,09-08-2024,MACKENZIE/VINCENT,CAN,W,Canoe Sprint,Women's Canoe Double 500m,COUP
Gold Medal,1,09-08-2024,CARRINGTON/HOSKIN,NZL,W,Canoe Sprint,Women's Kayak Double 500m,COUP
Silver Medal,2,09-08-2024,CSIPES/GAZSO,HUN,W,Canoe Sprint,Women's Kayak Double 500m,COUP
Bronze Medal,3,09-08-2024,PASZEK/HAKE,GER,W,Canoe Sprint,Women's Kayak Double 500m,COUP
Bronze Medal,3,09-08-2024,PUPP/FOJT,HUN,W,Canoe Sprint,Women's Kayak Double 500m,COUP
Gold Medal,1,09-08-2024,Harrie LAVREYSEN,NED,M,Cycling Track,Men's Sprint,ATH
Silver Medal,2,09-08-2024,Matthew RICHARDSON,AUS,M,Cycling Track,Men's Sprint,ATH
Bronze Medal,3,09-08-2024,Jack CARLIN,GBR,M,Cycling Track,Men's Sprint,ATH
Gold Medal,1,09-08-2024,Italy,ITA,W,Cycling Track,Women's Madison,TEAM
Silver Medal,2,09-08-2024,Great Britain,GBR,W,Cycling Track,Women's Madison,TEAM
Bronze Medal,3,09-08-2024,Netherlands,NED,W,Cycling Track,Women's Madison,TEAM
Gold Medal,1,09-08-2024,CHEN Yiwen,CHN,W,Diving,Women's 3m Springboard,ATH
Silver Medal,2,09-08-2024,Maddison KEENEY,AUS,W,Diving,Women's 3m Springboard,ATH
Bronze Medal,3,09-08-2024,CHANG Yani,CHN,W,Diving,Women's 3m Springboard,ATH
Gold Medal,1,09-08-2024,Spain,ESP,M,Football,Men,HTEAM
Silver Medal,2,09-08-2024,France,FRA,M,Football,Men,HTEAM
Bronze Medal,3,09-08-2024,Germany,GER,W,Football,Women,HTEAM
Gold Medal,1,09-08-2024,Netherlands,NED,W,Hockey,Women,HTEAM
Silver Medal,2,09-08-2024,China,CHN,W,Hockey,Women,HTEAM
Bronze Medal,3,09-08-2024,Argentina,ARG,W,Hockey,Women,HTEAM
Gold Medal,1,09-08-2024,Kristof RASOVSZKY,HUN,M,Marathon Swimming,Men's 10km,ATH
Silver Medal,2,09-08-2024,Oliver KLEMET,GER,M,Marathon Swimming,Men's 10km,ATH
Bronze Medal,3,09-08-2024,David BETLEHEM,HUN,M,Marathon Swimming,Men's 10km,ATH
Gold Medal,1,09-08-2024,Valentin BONTUS,AUT,M,Sailing,Men's Kite,ATH
Silver Medal,2,09-08-2024,Toni VODISEK,SLO,M,Sailing,Men's Kite,ATH
Bronze Medal,3,09-08-2024,Maximilian MAEDER,SGP,M,Sailing,Men's Kite,ATH
Gold Medal,1,09-08-2024,Toby ROBERTS,GBR,M,Sport Climbing,Men's Boulder & Lead,ATH
Silver Medal,2,09-08-2024,ANRAKU Sorato,JPN,M,Sport Climbing,Men's Boulder & Lead,ATH
Bronze Medal,3,09-08-2024,Jakob SCHUBERT,AUT,M,Sport Climbing,Men's Boulder & Lead,ATH
Gold Medal,1,09-08-2024,China,CHN,M,Table Tennis,Men's Team,HTEAM
Silver Medal,2,09-08-2024,Sweden,SWE,M,Table Tennis,Men's Team,HTEAM
Bronze Medal,3,09-08-2024,France,FRA,M,Table Tennis,Men's Team,HTEAM
Gold Medal,1,09-08-2024,Firas KATOUSSI,TUN,M,Taekwondo,Men -80kg,HATH
Silver Medal,2,09-08-2024,Mehran BARKHORDARI,IRI,M,Taekwondo,Men -80kg,HATH
Bronze Medal,3,09-08-2024,Simone ALESSIO,ITA,M,Taekwondo,Men -80kg,HATH
Bronze Medal,3,09-08-2024,Edi HRNIC,DEN,M,Taekwondo,Men -80kg,HATH
Gold Medal,1,09-08-2024,Viviana MARTON,HUN,W,Taekwondo,Women -67kg,HATH
Silver Medal,2,09-08-2024,Aleksandra PERISIC,SRB,W,Taekwondo,Women -67kg,HATH
Bronze Medal,3,09-08-2024,Kristina TEACHOUT,USA,W,Taekwondo,Women -67kg,HATH
Bronze Medal,3,09-08-2024,Sarah CHAARI,BEL,W,Taekwondo,Women -67kg,HATH
Bronze Medal,3,09-08-2024,United States,USA,M,Volleyball,Men,HTEAM
Gold Medal,1,09-08-2024,Karlos May NASAR,BUL,M,Weightlifting,Men's 89kg,ATH
Silver Medal,2,09-08-2024,Yeison LOPEZ,COL,M,Weightlifting,Men's 89kg,ATH
Bronze Medal,3,09-08-2024,Antonino PIZZOLATO,ITA,M,Weightlifting,Men's 89kg,ATH
Gold Medal,1,09-08-2024,Olivia REEVES,USA,W,Weightlifting,Women's 71kg,ATH
Silver Medal,2,09-08-2024,Mari Leivis SANCHEZ,COL,W,Weightlifting,Women's 71kg,ATH
Bronze Medal,3,09-08-2024,Angie Paola PALACIOS DAJOMES,ECU,W,Weightlifting,Women's 71kg,ATH
Gold Medal,1,09-08-2024,HIGUCHI Rei,JPN,M,Wrestling,Men's Freestyle 57kg,HATH
Silver Medal,2,09-08-2024,Spencer Richard LEE,USA,M,Wrestling,Men's Freestyle 57kg,HATH
Bronze Medal,3,09-08-2024,Aman AMAN,IND,M,Wrestling,Men's Freestyle 57kg,HATH
Bronze Medal,3,09-08-2024,Gulomjon ABDULLAEV,UZB,M,Wrestling,Men's Freestyle 57kg,HATH
Gold Medal,1,09-08-2024,Magomed Eldarovitch RAMAZANOV,BUL,M,Wrestling,Men's Freestyle 86kg,HATH
Silver Medal,2,09-08-2024,Hassan YAZDANICHARATI,IRI,M,Wrestling,Men's Freestyle 86kg,HATH
Bronze Medal,3,09-08-2024,Aaron Marquel BROOKS,USA,M,Wrestling,Men's Freestyle 86kg,HATH
Bronze Medal,3,09-08-2024,Dauren KURUGLIEV,GRE,M,Wrestling,Men's Freestyle 86kg,HATH
Gold Medal,1,09-08-2024,SAKURAI Tsugumi,JPN,W,Wrestling,Women's Freestyle 57kg,HATH
Silver Medal,2,09-08-2024,Anastasia NICHITA,MDA,W,Wrestling,Women's Freestyle 57kg,HATH
Bronze Medal,3,09-08-2024,Helen Louise MAROULIS,USA,W,Wrestling,Women's Freestyle 57kg,HATH
Bronze Medal,3,09-08-2024,HONG Kexin,CHN,W,Wrestling,Women's Freestyle 57kg,HATH
Gold Medal,1,10-08-2024,China,CHN,W,Artistic Swimming,Duet,COUP
Silver Medal,2,10-08-2024,Great Britain,GBR,W,Artistic Swimming,Duet,COUP
Bronze Medal,3,10-08-2024,Netherlands,NED,W,Artistic Swimming,Duet,COUP
Gold Medal,1,10-08-2024,United States,USA,M,Athletics,Men's 4 x 400m Relay,TEAM
Silver Medal,2,10-08-2024,Botswana,BOT,M,Athletics,Men's 4 x 400m Relay,TEAM
Bronze Medal,3,10-08-2024,Great Britain,GBR,M,Athletics,Men's 4 x 400m Relay,TEAM
Gold Medal,1,10-08-2024,Jakob INGEBRIGTSEN,NOR,M,Athletics,Men's 5000m,ATH
Silver Medal,2,10-08-2024,Ronald KWEMOI,KEN,M,Athletics,Men's 5000m,ATH
Bronze Medal,3,10-08-2024,Grant FISHER,USA,M,Athletics,Men's 5000m,ATH
Gold Medal,1,10-08-2024,Emmanuel WANYONYI,KEN,M,Athletics,Men's 800m,ATH
Silver Medal,2,10-08-2024,Marco AROP,CAN,M,Athletics,Men's 800m,ATH
Bronze Medal,3,10-08-2024,Djamel SEDJATI,ALG,M,Athletics,Men's 800m,ATH
Gold Medal,1,10-08-2024,Hamish KERR,NZL,M,Athletics,Men's High Jump,ATH
Silver Medal,2,10-08-2024,Shelby McEWEN,USA,M,Athletics,Men's High Jump,ATH
Bronze Medal,3,10-08-2024,Mutaz Essa BARSHIM,QAT,M,Athletics,Men's High Jump,ATH
Gold Medal,1,10-08-2024,Tamirat TOLA,ETH,M,Athletics,Men's Marathon,ATH
Silver Medal,2,10-08-2024,Bashir ABDI,BEL,M,Athletics,Men's Marathon,ATH
Bronze Medal,3,10-08-2024,Benson KIPRUTO,KEN,M,Athletics,Men's Marathon,ATH
Gold Medal,1,10-08-2024,Masai RUSSELL,USA,W,Athletics,Women's 100m Hurdles,ATH
Silver Medal,2,10-08-2024,Cyrena SAMBA-MAYELA,FRA,W,Athletics,Women's 100m Hurdles,ATH
Bronze Medal,3,10-08-2024,Jasmine CAMACHO-QUINN,PUR,W,Athletics,Women's 100m Hurdles,ATH
Gold Medal,1,10-08-2024,Faith KIPYEGON,KEN,W,Athletics,Women's 1500m,ATH
Silver Medal,2,10-08-2024,Jessica HULL,AUS,W,Athletics,Women's 1500m,ATH
Bronze Medal,3,10-08-2024,Georgia BELL,GBR,W,Athletics,Women's 1500m,ATH
Gold Medal,1,10-08-2024,United States,USA,W,Athletics,Women's 4 x 400m Relay,TEAM
Silver Medal,2,10-08-2024,Netherlands,NED,W,Athletics,Women's 4 x 400m Relay,TEAM
Bronze Medal,3,10-08-2024,Great Britain,GBR,W,Athletics,Women's 4 x 400m Relay,TEAM
Gold Medal,1,10-08-2024,KITAGUCHI Haruka,JPN,W,Athletics,Women's Javelin Throw,ATH
Silver Medal,2,10-08-2024,Jo-Ane van DYK,RSA,W,Athletics,Women's Javelin Throw,ATH
Bronze Medal,3,10-08-2024,Nikola OGRODNIKOVA,CZE,W,Athletics,Women's Javelin Throw,ATH
Gold Medal,1,10-08-2024,United States,USA,M,Basketball,Men,HTEAM
Silver Medal,2,10-08-2024,France,FRA,M,Basketball,Men,HTEAM
Bronze Medal,3,10-08-2024,Serbia,SRB,M,Basketball,Men,HTEAM
Gold Medal,1,10-08-2024,AHMAN/HELLVIG,SWE,M,Beach Volleyball,Men,HTEAM
Silver Medal,2,10-08-2024,EHLERS/WICKLER,GER,M,Beach Volleyball,Men,HTEAM
Bronze Medal,3,10-08-2024,MOL/SORUM,NOR,M,Beach Volleyball,Men,HTEAM
Gold Medal,1,10-08-2024,Bakhodir JALOLOV,UZB,M,Boxing,Men's +92kg,HATH
Silver Medal,2,10-08-2024,Ayoub GHADFA DRISSI EL AISSAOUI,ESP,M,Boxing,Men's +92kg,HATH
Gold Medal,1,10-08-2024,Abdumalik KHALOKOV,UZB,M,Boxing,Men's 57kg,HATH
Silver Medal,2,10-08-2024,Munarbek SEIITBEK UULU,KGZ,M,Boxing,Men's 57kg,HATH
Gold Medal,1,10-08-2024,LIN Yu Ting,TPE,W,Boxing,Women's 57kg,HATH
Silver Medal,2,10-08-2024,Julia SZEREMETA,POL,W,Boxing,Women's 57kg,HATH
Gold Medal,1,10-08-2024,LI Qian,CHN,W,Boxing,Women's 75kg,HATH
Silver Medal,2,10-08-2024,Atheyna Bibeichi BYLON,PAN,W,Boxing,Women's 75kg,HATH
Gold Medal,1,10-08-2024,PHIL WIZARD,CAN,M,Breaking,B-Boys,HATH
Silver Medal,2,10-08-2024,DANY DANN,FRA,M,Breaking,B-Boys,HATH
Bronze Medal,3,10-08-2024,VICTOR,USA,M,Breaking,B-Boys,HATH
Gold Medal,1,10-08-2024,Josef DOSTAL,CZE,M,Canoe Sprint,Men's Kayak Single 1000m,ATH
Silver Medal,2,10-08-2024,Adam VARGA,HUN,M,Canoe Sprint,Men's Kayak Single 1000m,ATH
Bronze Medal,3,10-08-2024,Balint KOPASZ,HUN,M,Canoe Sprint,Men's Kayak Single 1000m,ATH
Gold Medal,1,10-08-2024,Katie VINCENT,CAN,W,Canoe Sprint,Women's Canoe Single 200m,ATH
Silver Medal,2,10-08-2024,Nevin HARRISON,USA,W,Canoe Sprint,Women's Canoe Single 200m,ATH
Bronze Medal,3,10-08-2024,Yarisleidis CIRILO DUBOYS,CUB,W,Canoe Sprint,Women's Canoe Single 200m,ATH
Gold Medal,1,10-08-2024,Lisa CARRINGTON,NZL,W,Canoe Sprint,Women's Kayak Single 500m,ATH
Silver Medal,2,10-08-2024,Tamara CSIPES,HUN,W,Canoe Sprint,Women's Kayak Single 500m,ATH
Bronze Medal,3,10-08-2024,Emma Aastrand JORGENSEN,DEN,W,Canoe Sprint,Women's Kayak Single 500m,ATH
Gold Medal,1,10-08-2024,Portugal,POR,M,Cycling Track,Men's Madison,TEAM
Silver Medal,2,10-08-2024,Italy,ITA,M,Cycling Track,Men's Madison,TEAM
Bronze Medal,3,10-08-2024,Denmark,DEN,M,Cycling Track,Men's Madison,TEAM
Gold Medal,1,10-08-2024,CAO Yuan,CHN,M,Diving,Men's 10m Platform,ATH
Silver Medal,2,10-08-2024,TAMAI Rikuto,JPN,M,Diving,Men's 10m Platform,ATH
Bronze Medal,3,10-08-2024,Noah WILLIAMS,GBR,M,Diving,Men's 10m Platform,ATH
Gold Medal,1,10-08-2024,United States,USA,W,Football,Women,HTEAM
Silver Medal,2,10-08-2024,Brazil,BRA,W,Football,Women,HTEAM
Gold Medal,1,10-08-2024,Lydia KO,NZL,W,Golf,Women's Individual Stroke Play,ATH
Silver Medal,2,10-08-2024,Esther HENSELEIT,GER,W,Golf,Women's Individual Stroke Play,ATH
Bronze Medal,3,10-08-2024,LIN Xiyu Janet,CHN,W,Golf,Women's Individual Stroke Play,ATH
Gold Medal,1,10-08-2024,Norway,NOR,W,Handball,Women,HTEAM
Silver Medal,2,10-08-2024,France,FRA,W,Handball,Women,HTEAM
Bronze Medal,3,10-08-2024,Denmark,DEN,W,Handball,Women,HTEAM
Gold Medal,1,10-08-2024,Ahmed ELGENDY,EGY,M,Modern Pentathlon,Men's Individual,ATH
Silver Medal,2,10-08-2024,SATO Taishu,JPN,M,Modern Pentathlon,Men's Individual,ATH
Bronze Medal,3,10-08-2024,Giorgio MALAN,ITA,M,Modern Pentathlon,Men's Individual,ATH
Gold Medal,1,10-08-2024,Janja GARNBRET,SLO,W,Sport Climbing,Women's Boulder & Lead,ATH
Silver Medal,2,10-08-2024,Brooke RABOUTOU,USA,W,Sport Climbing,Women's Boulder & Lead,ATH
Bronze Medal,3,10-08-2024,Jessica PILZ,AUT,W,Sport Climbing,Women's Boulder & Lead,ATH
Gold Medal,1,10-08-2024,China,CHN,W,Table Tennis,Women's Team,HTEAM
Silver Medal,2,10-08-2024,Japan,JPN,W,Table Tennis,Women's Team,HTEAM
Bronze Medal,3,10-08-2024,Korea,KOR,W,Table Tennis,Women's Team,HTEAM
Gold Medal,1,10-08-2024,Arian SALIMI,IRI,M,Taekwondo,Men +80kg,HATH
Silver Medal,2,10-08-2024,Caden CUNNINGHAM,GBR,M,Taekwondo,Men +80kg,HATH
Bronze Medal,3,10-08-2024,Rafael ALBA,CUB,M,Taekwondo,Men +80kg,HATH
Bronze Medal,3,10-08-2024,Cheick Sallah CISSE,CIV,M,Taekwondo,Men +80kg,HATH
Gold Medal,1,10-08-2024,Althea LAURIN,FRA,W,Taekwondo,Women +67kg,HATH
Silver Medal,2,10-08-2024,Svetlana OSIPOVA,UZB,W,Taekwondo,Women +67kg,HATH
Bronze Medal,3,10-08-2024,LEE Dabin,KOR,W,Taekwondo,Women +67kg,HATH
Bronze Medal,3,10-08-2024,Nafia KUS AYDIN,TUR,W,Taekwondo,Women +67kg,HATH
Gold Medal,1,10-08-2024,France,FRA,M,Volleyball,Men,HTEAM
Silver Medal,2,10-08-2024,Poland,POL,M,Volleyball,Men,HTEAM
Bronze Medal,3,10-08-2024,Brazil,BRA,W,Volleyball,Women,HTEAM
Gold Medal,1,10-08-2024,Spain,ESP,W,Water Polo,Women,HTEAM
Silver Medal,2,10-08-2024,Australia,AUS,W,Water Polo,Women,HTEAM
Bronze Medal,3,10-08-2024,Netherlands,NED,W,Water Polo,Women,HTEAM
Gold Medal,1,10-08-2024,Lasha TALAKHADZE,GEO,M,Weightlifting,Men's +102kg,ATH
Silver Medal,2,10-08-2024,Varazdat LALAYAN,ARM,M,Weightlifting,Men's +102kg,ATH
Bronze Medal,3,10-08-2024,Gor MINASYAN,BRN,M,Weightlifting,Men's +102kg,ATH
Gold Medal,1,10-08-2024,LIU Huanhua,CHN,M,Weightlifting,Men's 102kg,ATH
Silver Medal,2,10-08-2024,Akbar DJURAEV,UZB,M,Weightlifting,Men's 102kg,ATH
Bronze Medal,3,10-08-2024,Yauheni TSIKHANTSOU,AIN,M,Weightlifting,Men's 102kg,ATH
Gold Medal,1,10-08-2024,Solfrid Eila Amena KOANDA,NOR,W,Weightlifting,Women's 81kg,ATH
Silver Medal,2,10-08-2024,Sara AHMED,EGY,W,Weightlifting,Women's 81kg,ATH
Bronze Medal,3,10-08-2024,Neisi Patricia DAJOMES BARRERA,ECU,W,Weightlifting,Women's 81kg,ATH
Gold Medal,1,10-08-2024,Geno PETRIASHVILI,GEO,M,Wrestling,Men's Freestyle 125kg,HATH
Silver Medal,2,10-08-2024,Amir Hossein ZARE,IRI,M,Wrestling,Men's Freestyle 125kg,HATH
Bronze Medal,3,10-08-2024,Taha AKGUL,TUR,M,Wrestling,Men's Freestyle 125kg,HATH
Bronze Medal,3,10-08-2024,Giorgi MESHVILDISHVILI,AZE,M,Wrestling,Men's Freestyle 125kg,HATH
Gold Medal,1,10-08-2024,Razambek Salambekovitch JAMALOV,UZB,M,Wrestling,Men's Freestyle 74kg,HATH
Silver Medal,2,10-08-2024,TAKATANI Daichi,JPN,M,Wrestling,Men's Freestyle 74kg,HATH
Bronze Medal,3,10-08-2024,Kyle Douglas DAKE,USA,M,Wrestling,Men's Freestyle 74kg,HATH
Bronze Medal,3,10-08-2024,Chermen VALIEV,ALB,M,Wrestling,Men's Freestyle 74kg,HATH
Gold Medal,1,10-08-2024,MOTOKI Sakura,JPN,W,Wrestling,Women's Freestyle 62kg,HATH
Silver Medal,2,10-08-2024,Iryna KOLIADENKO,UKR,W,Wrestling,Women's Freestyle 62kg,HATH
Bronze Medal,3,10-08-2024,Aisuluu TYNYBEKOVA,KGZ,W,Wrestling,Women's Freestyle 62kg,HATH
Bronze Medal,3,10-08-2024,Grace Jacob BULLEN,NOR,W,Wrestling,Women's Freestyle 62kg,HATH
Gold Medal,1,11-08-2024,Sifan HASSAN,NED,W,Athletics,Women's Marathon,ATH
Silver Medal,2,11-08-2024,Tigst ASSEFA,ETH,W,Athletics,Women's Marathon,ATH
Bronze Medal,3,11-08-2024,Hellen OBIRI,KEN,W,Athletics,Women's Marathon,ATH
Gold Medal,1,11-08-2024,United States,USA,W,Basketball,Women,HTEAM
Silver Medal,2,11-08-2024,France,FRA,W,Basketball,Women,HTEAM
Bronze Medal,3,11-08-2024,Australia,AUS,W,Basketball,Women,HTEAM
Gold Medal,1,11-08-2024,Harrie LAVREYSEN,NED,M,Cycling Track,Men's Keirin,ATH
Silver Medal,2,11-08-2024,Matthew RICHARDSON,AUS,M,Cycling Track,Men's Keirin,ATH
Bronze Medal,3,11-08-2024,Matthew GLAETZER,AUS,M,Cycling Track,Men's Keirin,ATH
Gold Medal,1,11-08-2024,Jennifer VALENTE,USA,W,Cycling Track,Women's Omnium,ATH
Silver Medal,2,11-08-2024,Daria PIKULIK,POL,W,Cycling Track,Women's Omnium,ATH
Bronze Medal,3,11-08-2024,Ally WOLLASTON,NZL,W,Cycling Track,Women's Omnium,ATH
Gold Medal,1,11-08-2024,Ellesse ANDREWS,NZL,W,Cycling Track,Women's Sprint,ATH
Silver Medal,2,11-08-2024,Lea FRIEDRICH,GER,W,Cycling Track,Women's Sprint,ATH
Bronze Medal,3,11-08-2024,Emma FINUCANE,GBR,W,Cycling Track,Women's Sprint,ATH
Gold Medal,1,11-08-2024,Denmark,DEN,M,Handball,Men,HTEAM
Silver Medal,2,11-08-2024,Germany,GER,M,Handball,Men,HTEAM
Bronze Medal,3,11-08-2024,Spain,ESP,M,Handball,Men,HTEAM
Gold Medal,1,11-08-2024,Michelle GULYAS,HUN,W,Modern Pentathlon,Women's Individual,ATH
Silver Medal,2,11-08-2024,Elodie CLOUVEL,FRA,W,Modern Pentathlon,Women's Individual,ATH
Bronze Medal,3,11-08-2024,SEONG Seungmin,KOR,W,Modern Pentathlon,Women's Individual,ATH
Gold Medal,1,11-08-2024,Italy,ITA,W,Volleyball,Women,HTEAM
Silver Medal,2,11-08-2024,United States,USA,W,Volleyball,Women,HTEAM
Gold Medal,1,11-08-2024,Serbia,SRB,M,Water Polo,Men,HTEAM
Silver Medal,2,11-08-2024,Croatia,CRO,M,Water Polo,Men,HTEAM
Bronze Medal,3,11-08-2024,United States,USA,M,Water Polo,Men,HTEAM
Gold Medal,1,11-08-2024,LI Wenwen,CHN,W,Weightlifting,Women's +81kg,ATH
Silver Medal,2,11-08-2024,PARK Hyejeong,KOR,W,Weightlifting,Women's +81kg,ATH
Bronze Medal,3,11-08-2024,Emily CAMPBELL,GBR,W,Weightlifting,Women's +81kg,ATH
Gold Medal,1,11-08-2024,KIYOOKA Kotaro,JPN,M,Wrestling,Men's Freestyle 65kg,HATH
Silver Medal,2,11-08-2024,Rahman AMOUZADKHALILI,IRI,M,Wrestling,Men's Freestyle 65kg,HATH
Bronze Medal,3,11-08-2024,Sebastian C RIVERA,PUR,M,Wrestling,Men's Freestyle 65kg,HATH
Bronze Medal,3,11-08-2024,Islam DUDAEV,ALB,M,Wrestling,Men's Freestyle 65kg,HATH
Gold Medal,1,11-08-2024,Akhmed TAZHUDINOV,BRN,M,Wrestling,Men's Freestyle 97kg,HATH
Silver Medal,2,11-08-2024,Givi MATCHARASHVILI,GEO,M,Wrestling,Men's Freestyle 97kg,HATH
Bronze Medal,3,11-08-2024,Magomedkhan MAGOMEDOV,AZE,M,Wrestling,Men's Freestyle 97kg,HATH
Bronze Medal,3,11-08-2024,Amirali AZARPIRA,IRI,M,Wrestling,Men's Freestyle 97kg,HATH
Gold Medal,1,11-08-2024,KAGAMI Yuka,JPN,W,Wrestling,Women's Freestyle 76kg,HATH
Silver Medal,2,11-08-2024,Kennedy Alexis BLADES,USA,W,Wrestling,Women's Freestyle 76kg,HATH
Bronze Medal,3,11-08-2024,Milaimy de la Carid. MARIN POTRILLE,CUB,W,Wrestling,Women's Freestyle 76kg,HATH
Bronze Medal,3,11-08-2024,Tatiana RENTERIA RENTERIA,COL,W,Wrestling,Women's Freestyle 76kg,HATH
Gold Medal,1,10-08-2024,People's Republic of China,CHN,W,Rhythmic Gymnastics,Group All-Around,TEAM
Silver Medal,2,10-08-2024,Israel,ISR,W,Rhythmic Gymnastics,Group All-Around,TEAM
Bronze Medal,3,10-08-2024,Italy,ITA,W,Rhythmic Gymnastics,Group All-Around,TEAM
Gold Medal,1,09-08-2024,VARFOLOMEEV Darja,GER,W,Rhythmic Gymnastics,Individual All-Around,ATH
Silver Medal,2,09-08-2024,KALEYN Boryana,BUL,W,Rhythmic Gymnastics,Individual All-Around,ATH
Bronze Medal,3,09-08-2024,RAFFAELI Sofia,ITA,W,Rhythmic Gymnastics,Individual All-Around,ATH
Gold Medal,1,09-08-2024,THIAM Nafissatou,BEL,W,Athletics,Women's Heptathlon,ATH
Silver Medal,2,09-08-2024,JOHNSON-THOMPSON Katarina,GBR,W,Athletics,Women's Heptathlon,ATH
Bronze Medal,3,09-08-2024,VIDTS Noor,BEL,W,Athletics,Women's Heptathlon,ATH
